<?xml version='1.0' encoding='UTF-8'?>
<gpx version="1.1" creator="https://www.komoot.de" xmlns="http://www.topografix.com/GPX/1/1" xmlns:xsi="http://www.w3.org/2001/XMLSchema-instance" xsi:schemaLocation="http://www.topografix.com/GPX/1/1 http://www.topografix.com/GPX/1/1/gpx.xsd">
  <metadata>
    <name>de Vallouise à Pré de la Chaumette</name>
    <author>
      <link href="https://www.komoot.de">
        <text>komoot</text>
        <type>text/html</type>
      </link>
    </author>
  </metadata>
  <trk>
    <name>de Vallouise à Pré de la Chaumette</name>
    <type>jogging</type>
    <trkseg>
      <trkpt lat="44.845835" lon="6.487255">
        <ele>1163.147254</ele>
        <time>2026-01-24T19:31:13.783Z</time>
      </trkpt>
      <trkpt lat="44.845673" lon="6.487105">
        <ele>1163.147254</ele>
        <time>2026-01-24T19:31:21.243Z</time>
      </trkpt>
      <trkpt lat="44.845525" lon="6.487035">
        <ele>1163.147254</ele>
        <time>2026-01-24T19:31:27.218Z</time>
      </trkpt>
      <trkpt lat="44.845277" lon="6.487321">
        <ele>1163.147254</ele>
        <time>2026-01-24T19:31:39.483Z</time>
      </trkpt>
      <trkpt lat="44.845220" lon="6.487315">
        <ele>1163.147254</ele>
        <time>2026-01-24T19:31:41.658Z</time>
      </trkpt>
      <trkpt lat="44.844838" lon="6.486509">
        <ele>1162.613744</ele>
        <time>2026-01-24T19:32:08.089Z</time>
      </trkpt>
      <trkpt lat="44.844751" lon="6.486437">
        <ele>1162.509341</ele>
        <time>2026-01-24T19:32:12.002Z</time>
      </trkpt>
      <trkpt lat="44.844555" lon="6.486435">
        <ele>1162.306473</ele>
        <time>2026-01-24T19:32:19.794Z</time>
      </trkpt>
      <trkpt lat="44.844475" lon="6.486395">
        <ele>1162.218622</ele>
        <time>2026-01-24T19:32:23.263Z</time>
      </trkpt>
      <trkpt lat="44.844423" lon="6.486276">
        <ele>1162.116041</ele>
        <time>2026-01-24T19:32:27.331Z</time>
      </trkpt>
      <trkpt lat="44.844293" lon="6.485854">
        <ele>1161.778388</ele>
        <time>2026-01-24T19:32:40.743Z</time>
      </trkpt>
      <trkpt lat="44.844156" lon="6.485609">
        <ele>1161.549407</ele>
        <time>2026-01-24T19:32:49.830Z</time>
      </trkpt>
      <trkpt lat="44.843959" lon="6.485368">
        <ele>1161.289419</ele>
        <time>2026-01-24T19:33:00.576Z</time>
      </trkpt>
      <trkpt lat="44.843595" lon="6.484993">
        <ele>1161.577459</ele>
        <time>2026-01-24T19:33:19.427Z</time>
      </trkpt>
      <trkpt lat="44.843548" lon="6.484985">
        <ele>1161.607710</ele>
        <time>2026-01-24T19:33:21.415Z</time>
      </trkpt>
      <trkpt lat="44.843382" lon="6.485033">
        <ele>1161.715990</ele>
        <time>2026-01-24T19:33:28.474Z</time>
      </trkpt>
      <trkpt lat="44.843220" lon="6.485016">
        <ele>1161.819794</ele>
        <time>2026-01-24T19:33:35.271Z</time>
      </trkpt>
      <trkpt lat="44.842829" lon="6.484887">
        <ele>1162.076387</ele>
        <time>2026-01-24T19:33:52.026Z</time>
      </trkpt>
      <trkpt lat="44.842655" lon="6.484817">
        <ele>1162.192007</ele>
        <time>2026-01-24T19:33:59.654Z</time>
      </trkpt>
      <trkpt lat="44.842356" lon="6.484579">
        <ele>1162.411397</ele>
        <time>2026-01-24T19:34:14.278Z</time>
      </trkpt>
      <trkpt lat="44.842328" lon="6.484502">
        <ele>1162.483303</ele>
        <time>2026-01-24T19:34:17.410Z</time>
      </trkpt>
      <trkpt lat="44.842172" lon="6.484277">
        <ele>1162.923859</ele>
        <time>2026-01-24T19:34:28.832Z</time>
      </trkpt>
      <trkpt lat="44.841843" lon="6.484038">
        <ele>1163.654550</ele>
        <time>2026-01-24T19:34:47.845Z</time>
      </trkpt>
      <trkpt lat="44.841727" lon="6.483892">
        <ele>1163.961525</ele>
        <time>2026-01-24T19:34:55.873Z</time>
      </trkpt>
      <trkpt lat="44.841563" lon="6.483575">
        <ele>1164.510889</ele>
        <time>2026-01-24T19:35:10.260Z</time>
      </trkpt>
      <trkpt lat="44.841178" lon="6.483040">
        <ele>1165.578043</ele>
        <time>2026-01-24T19:35:38.768Z</time>
      </trkpt>
      <trkpt lat="44.840866" lon="6.482708">
        <ele>1166.645288</ele>
        <time>2026-01-24T19:35:59.901Z</time>
      </trkpt>
      <trkpt lat="44.840866" lon="6.482630">
        <ele>1166.843272</ele>
        <time>2026-01-24T19:36:02.924Z</time>
      </trkpt>
      <trkpt lat="44.840957" lon="6.482310">
        <ele>1167.718401</ele>
        <time>2026-01-24T19:36:16.382Z</time>
      </trkpt>
      <trkpt lat="44.840943" lon="6.482202">
        <ele>1167.997075</ele>
        <time>2026-01-24T19:36:20.669Z</time>
      </trkpt>
      <trkpt lat="44.840677" lon="6.481666">
        <ele>1169.657697</ele>
        <time>2026-01-24T19:36:46.817Z</time>
      </trkpt>
      <trkpt lat="44.840363" lon="6.480712">
        <ele>1172.327370</ele>
        <time>2026-01-24T19:37:29.161Z</time>
      </trkpt>
      <trkpt lat="44.840339" lon="6.480599">
        <ele>1172.614951</ele>
        <time>2026-01-24T19:37:33.920Z</time>
      </trkpt>
      <trkpt lat="44.840186" lon="6.480201">
        <ele>1173.696754</ele>
        <time>2026-01-24T19:37:51.895Z</time>
      </trkpt>
      <trkpt lat="44.840169" lon="6.480035">
        <ele>1174.097532</ele>
        <time>2026-01-24T19:37:58.497Z</time>
      </trkpt>
      <trkpt lat="44.840230" lon="6.478839">
        <ele>1176.962789</ele>
        <time>2026-01-24T19:38:45.053Z</time>
      </trkpt>
      <trkpt lat="44.840219" lon="6.478524">
        <ele>1177.716402</ele>
        <time>2026-01-24T19:38:57.140Z</time>
      </trkpt>
      <trkpt lat="44.840149" lon="6.478256">
        <ele>1178.398860</ele>
        <time>2026-01-24T19:39:08.153Z</time>
      </trkpt>
      <trkpt lat="44.840030" lon="6.478008">
        <ele>1179.279062</ele>
        <time>2026-01-24T19:39:19.778Z</time>
      </trkpt>
      <trkpt lat="44.839674" lon="6.477073">
        <ele>1182.479636</ele>
        <time>2026-01-24T19:40:01.539Z</time>
      </trkpt>
      <trkpt lat="44.839540" lon="6.476559">
        <ele>1184.131214</ele>
        <time>2026-01-24T19:40:23.872Z</time>
      </trkpt>
      <trkpt lat="44.839401" lon="6.475780">
        <ele>1186.569033</ele>
        <time>2026-01-24T19:40:58.911Z</time>
      </trkpt>
      <trkpt lat="44.839332" lon="6.475246">
        <ele>1188.265762</ele>
        <time>2026-01-24T19:41:23.020Z</time>
      </trkpt>
      <trkpt lat="44.839243" lon="6.474400">
        <ele>1190.939238</ele>
        <time>2026-01-24T19:41:59.465Z</time>
      </trkpt>
      <trkpt lat="44.839237" lon="6.473782">
        <ele>1192.871241</ele>
        <time>2026-01-24T19:42:24.279Z</time>
      </trkpt>
      <trkpt lat="44.839291" lon="6.473356">
        <ele>1194.096879</ele>
        <time>2026-01-24T19:42:40.704Z</time>
      </trkpt>
      <trkpt lat="44.839408" lon="6.472889">
        <ele>1194.406856</ele>
        <time>2026-01-24T19:42:58.361Z</time>
      </trkpt>
      <trkpt lat="44.839453" lon="6.472150">
        <ele>1194.871060</ele>
        <time>2026-01-24T19:43:23.739Z</time>
      </trkpt>
      <trkpt lat="44.839592" lon="6.471013">
        <ele>1195.593145</ele>
        <time>2026-01-24T19:44:03.926Z</time>
      </trkpt>
      <trkpt lat="44.839539" lon="6.470471">
        <ele>1196.075990</ele>
        <time>2026-01-24T19:44:23.409Z</time>
      </trkpt>
      <trkpt lat="44.839472" lon="6.470165">
        <ele>1196.375875</ele>
        <time>2026-01-24T19:44:35.022Z</time>
      </trkpt>
      <trkpt lat="44.839472" lon="6.469959">
        <ele>1196.568772</ele>
        <time>2026-01-24T19:44:42.493Z</time>
      </trkpt>
      <trkpt lat="44.839611" lon="6.469405">
        <ele>1197.119051</ele>
        <time>2026-01-24T19:45:03.830Z</time>
      </trkpt>
      <trkpt lat="44.839600" lon="6.468964">
        <ele>1197.532254</ele>
        <time>2026-01-24T19:45:19.827Z</time>
      </trkpt>
      <trkpt lat="44.839545" lon="6.468448">
        <ele>1198.020860</ele>
        <time>2026-01-24T19:45:38.547Z</time>
      </trkpt>
      <trkpt lat="44.839550" lon="6.468063">
        <ele>1198.779682</ele>
        <time>2026-01-24T19:45:52.342Z</time>
      </trkpt>
      <trkpt lat="44.839566" lon="6.467198">
        <ele>1200.502382</ele>
        <time>2026-01-24T19:46:19.448Z</time>
      </trkpt>
      <trkpt lat="44.839542" lon="6.466987">
        <ele>1200.927828</ele>
        <time>2026-01-24T19:46:26.347Z</time>
      </trkpt>
      <trkpt lat="44.839479" lon="6.466816">
        <ele>1201.311479</ele>
        <time>2026-01-24T19:46:32.627Z</time>
      </trkpt>
      <trkpt lat="44.839181" lon="6.466332">
        <ele>1202.587629</ele>
        <time>2026-01-24T19:46:54.267Z</time>
      </trkpt>
      <trkpt lat="44.839126" lon="6.466172">
        <ele>1202.941629</ele>
        <time>2026-01-24T19:47:00.510Z</time>
      </trkpt>
      <trkpt lat="44.839044" lon="6.464706">
        <ele>1207.575747</ele>
        <time>2026-01-24T19:47:54.012Z</time>
      </trkpt>
      <trkpt lat="44.839058" lon="6.464451">
        <ele>1208.396204</ele>
        <time>2026-01-24T19:48:02.730Z</time>
      </trkpt>
      <trkpt lat="44.839016" lon="6.464137">
        <ele>1209.421243</ele>
        <time>2026-01-24T19:48:13.691Z</time>
      </trkpt>
      <trkpt lat="44.839017" lon="6.463993">
        <ele>1209.883200</ele>
        <time>2026-01-24T19:48:18.593Z</time>
      </trkpt>
      <trkpt lat="44.839053" lon="6.463853">
        <ele>1210.360921</ele>
        <time>2026-01-24T19:48:23.709Z</time>
      </trkpt>
      <trkpt lat="44.839361" lon="6.463361">
        <ele>1212.052170</ele>
        <time>2026-01-24T19:48:46.088Z</time>
      </trkpt>
      <trkpt lat="44.839378" lon="6.463230">
        <ele>1212.338028</ele>
        <time>2026-01-24T19:48:50.569Z</time>
      </trkpt>
      <trkpt lat="44.839327" lon="6.462941">
        <ele>1212.977282</ele>
        <time>2026-01-24T19:49:00.329Z</time>
      </trkpt>
      <trkpt lat="44.839331" lon="6.462493">
        <ele>1213.938980</ele>
        <time>2026-01-24T19:49:14.464Z</time>
      </trkpt>
      <trkpt lat="44.839311" lon="6.462362">
        <ele>1214.226612</ele>
        <time>2026-01-24T19:49:18.662Z</time>
      </trkpt>
      <trkpt lat="44.839314" lon="6.462214">
        <ele>1214.544421</ele>
        <time>2026-01-24T19:49:23.364Z</time>
      </trkpt>
      <trkpt lat="44.839364" lon="6.461927">
        <ele>1215.178780</ele>
        <time>2026-01-24T19:49:32.944Z</time>
      </trkpt>
      <trkpt lat="44.839365" lon="6.461359">
        <ele>1216.397982</ele>
        <time>2026-01-24T19:49:51.924Z</time>
      </trkpt>
      <trkpt lat="44.839402" lon="6.461154">
        <ele>1216.881548</ele>
        <time>2026-01-24T19:49:58.896Z</time>
      </trkpt>
      <trkpt lat="44.839563" lon="6.460735">
        <ele>1218.061189</ele>
        <time>2026-01-24T19:50:14.390Z</time>
      </trkpt>
      <trkpt lat="44.839606" lon="6.460331">
        <ele>1219.072410</ele>
        <time>2026-01-24T19:50:27.586Z</time>
      </trkpt>
      <trkpt lat="44.839701" lon="6.460071">
        <ele>1219.796405</ele>
        <time>2026-01-24T19:50:37.027Z</time>
      </trkpt>
      <trkpt lat="44.839744" lon="6.459827">
        <ele>1220.418749</ele>
        <time>2026-01-24T19:50:45.254Z</time>
      </trkpt>
      <trkpt lat="44.839784" lon="6.458940">
        <ele>1222.618764</ele>
        <time>2026-01-24T19:51:15.398Z</time>
      </trkpt>
      <trkpt lat="44.839655" lon="6.458373">
        <ele>1224.648173</ele>
        <time>2026-01-24T19:51:36.809Z</time>
      </trkpt>
      <trkpt lat="44.839582" lon="6.457617">
        <ele>1227.445368</ele>
        <time>2026-01-24T19:52:04.902Z</time>
      </trkpt>
      <trkpt lat="44.839535" lon="6.456852">
        <ele>1230.260488</ele>
        <time>2026-01-24T19:52:32.613Z</time>
      </trkpt>
      <trkpt lat="44.839562" lon="6.456325">
        <ele>1232.197591</ele>
        <time>2026-01-24T19:52:51.772Z</time>
      </trkpt>
      <trkpt lat="44.839588" lon="6.456192">
        <ele>1232.726677</ele>
        <time>2026-01-24T19:52:56.748Z</time>
      </trkpt>
      <trkpt lat="44.839622" lon="6.456094">
        <ele>1233.146668</ele>
        <time>2026-01-24T19:53:00.692Z</time>
      </trkpt>
      <trkpt lat="44.839691" lon="6.455911">
        <ele>1233.944537</ele>
        <time>2026-01-24T19:53:08.232Z</time>
      </trkpt>
      <trkpt lat="44.839751" lon="6.455723">
        <ele>1234.738177</ele>
        <time>2026-01-24T19:53:15.687Z</time>
      </trkpt>
      <trkpt lat="44.839795" lon="6.455507">
        <ele>1235.603308</ele>
        <time>2026-01-24T19:53:23.801Z</time>
      </trkpt>
      <trkpt lat="44.839889" lon="6.454841">
        <ele>1238.217391</ele>
        <time>2026-01-24T19:53:48.205Z</time>
      </trkpt>
      <trkpt lat="44.839996" lon="6.454279">
        <ele>1240.457453</ele>
        <time>2026-01-24T19:54:09.467Z</time>
      </trkpt>
      <trkpt lat="44.840005" lon="6.454079">
        <ele>1241.228906</ele>
        <time>2026-01-24T19:54:16.998Z</time>
      </trkpt>
      <trkpt lat="44.839934" lon="6.453710">
        <ele>1242.713556</ele>
        <time>2026-01-24T19:54:31.415Z</time>
      </trkpt>
      <trkpt lat="44.839809" lon="6.453330">
        <ele>1244.355690</ele>
        <time>2026-01-24T19:54:47.098Z</time>
      </trkpt>
      <trkpt lat="44.839724" lon="6.452507">
        <ele>1247.615997</ele>
        <time>2026-01-24T19:55:17.775Z</time>
      </trkpt>
      <trkpt lat="44.839686" lon="6.451485">
        <ele>1251.627876</ele>
        <time>2026-01-24T19:55:54.892Z</time>
      </trkpt>
      <trkpt lat="44.839727" lon="6.451039">
        <ele>1253.278395</ele>
        <time>2026-01-24T19:56:10.942Z</time>
      </trkpt>
      <trkpt lat="44.839700" lon="6.450862">
        <ele>1253.932873</ele>
        <time>2026-01-24T19:56:17.345Z</time>
      </trkpt>
      <trkpt lat="44.839500" lon="6.450319">
        <ele>1256.144792</ele>
        <time>2026-01-24T19:56:39.022Z</time>
      </trkpt>
      <trkpt lat="44.839298" lon="6.449871">
        <ele>1258.063969</ele>
        <time>2026-01-24T19:56:57.959Z</time>
      </trkpt>
      <trkpt lat="44.839227" lon="6.449634">
        <ele>1258.994035</ele>
        <time>2026-01-24T19:57:07.162Z</time>
      </trkpt>
      <trkpt lat="44.838719" lon="6.448347">
        <ele>1265.070097</ele>
        <time>2026-01-24T19:58:00.944Z</time>
      </trkpt>
      <trkpt lat="44.838687" lon="6.448073">
        <ele>1266.309420</ele>
        <time>2026-01-24T19:58:11.350Z</time>
      </trkpt>
      <trkpt lat="44.838742" lon="6.447434">
        <ele>1269.182176</ele>
        <time>2026-01-24T19:58:35.820Z</time>
      </trkpt>
      <trkpt lat="44.838764" lon="6.447108">
        <ele>1270.643670</ele>
        <time>2026-01-24T19:58:48.435Z</time>
      </trkpt>
      <trkpt lat="44.838769" lon="6.445736">
        <ele>1278.377004</ele>
        <time>2026-01-24T19:59:44.259Z</time>
      </trkpt>
      <trkpt lat="44.838757" lon="6.445559">
        <ele>1279.465562</ele>
        <time>2026-01-24T19:59:51.865Z</time>
      </trkpt>
      <trkpt lat="44.838581" lon="6.444815">
        <ele>1284.267212</ele>
        <time>2026-01-24T20:00:26.385Z</time>
      </trkpt>
      <trkpt lat="44.838447" lon="6.444487">
        <ele>1286.584710</ele>
        <time>2026-01-24T20:00:43.319Z</time>
      </trkpt>
      <trkpt lat="44.838028" lon="6.443778">
        <ele>1293.309277</ele>
        <time>2026-01-24T20:01:26.247Z</time>
      </trkpt>
      <trkpt lat="44.837926" lon="6.443465">
        <ele>1295.948678</ele>
        <time>2026-01-24T20:01:42.759Z</time>
      </trkpt>
      <trkpt lat="44.837827" lon="6.443086">
        <ele>1299.043420</ele>
        <time>2026-01-24T20:02:02.467Z</time>
      </trkpt>
      <trkpt lat="44.837652" lon="6.441705">
        <ele>1309.809811</ele>
        <time>2026-01-24T20:03:13.076Z</time>
      </trkpt>
      <trkpt lat="44.837226" lon="6.440418">
        <ele>1320.770933</ele>
        <time>2026-01-24T20:04:23.950Z</time>
      </trkpt>
      <trkpt lat="44.836983" lon="6.440117">
        <ele>1324.290908</ele>
        <time>2026-01-24T20:04:45.349Z</time>
      </trkpt>
      <trkpt lat="44.836679" lon="6.439853">
        <ele>1328.114950</ele>
        <time>2026-01-24T20:05:08.638Z</time>
      </trkpt>
      <trkpt lat="44.836401" lon="6.439522">
        <ele>1331.871979</ele>
        <time>2026-01-24T20:05:32.105Z</time>
      </trkpt>
      <trkpt lat="44.836233" lon="6.439165">
        <ele>1335.009370</ele>
        <time>2026-01-24T20:05:51.572Z</time>
      </trkpt>
      <trkpt lat="44.836098" lon="6.438938">
        <ele>1337.178766</ele>
        <time>2026-01-24T20:06:05.386Z</time>
      </trkpt>
      <trkpt lat="44.835994" lon="6.438690">
        <ele>1339.288536</ele>
        <time>2026-01-24T20:06:19.115Z</time>
      </trkpt>
      <trkpt lat="44.835953" lon="6.438429">
        <ele>1341.246056</ele>
        <time>2026-01-24T20:06:32.144Z</time>
      </trkpt>
      <trkpt lat="44.835965" lon="6.438312">
        <ele>1342.111710</ele>
        <time>2026-01-24T20:06:37.933Z</time>
      </trkpt>
      <trkpt lat="44.836098" lon="6.437878">
        <ele>1345.576031</ele>
        <time>2026-01-24T20:07:01.412Z</time>
      </trkpt>
      <trkpt lat="44.836119" lon="6.436981">
        <ele>1352.736069</ele>
        <time>2026-01-24T20:07:45.104Z</time>
      </trkpt>
      <trkpt lat="44.836157" lon="6.436946">
        <ele>1353.246688</ele>
        <time>2026-01-24T20:07:48.186Z</time>
      </trkpt>
      <trkpt lat="44.836203" lon="6.436970">
        <ele>1353.798484</ele>
        <time>2026-01-24T20:07:51.455Z</time>
      </trkpt>
      <trkpt lat="44.836317" lon="6.437443">
        <ele>1357.783997</ele>
        <time>2026-01-24T20:08:15.375Z</time>
      </trkpt>
      <trkpt lat="44.836341" lon="6.437456">
        <ele>1358.073237</ele>
        <time>2026-01-24T20:08:17.158Z</time>
      </trkpt>
      <trkpt lat="44.836386" lon="6.437423">
        <ele>1358.643860</ele>
        <time>2026-01-24T20:08:20.598Z</time>
      </trkpt>
      <trkpt lat="44.836405" lon="6.437199">
        <ele>1360.443630</ele>
        <time>2026-01-24T20:08:31.679Z</time>
      </trkpt>
      <trkpt lat="44.836361" lon="6.436941">
        <ele>1362.560596</ele>
        <time>2026-01-24T20:08:44.905Z</time>
      </trkpt>
      <trkpt lat="44.836313" lon="6.436801">
        <ele>1363.801189</ele>
        <time>2026-01-24T20:08:52.785Z</time>
      </trkpt>
      <trkpt lat="44.836099" lon="6.436549">
        <ele>1367.187798</ele>
        <time>2026-01-24T20:09:13.153Z</time>
      </trkpt>
      <trkpt lat="44.836009" lon="6.436152">
        <ele>1371.233236</ele>
        <time>2026-01-24T20:09:35.846Z</time>
      </trkpt>
      <trkpt lat="44.835948" lon="6.435723">
        <ele>1375.480040</ele>
        <time>2026-01-24T20:09:59.405Z</time>
      </trkpt>
      <trkpt lat="44.835822" lon="6.435148">
        <ele>1381.321451</ele>
        <time>2026-01-24T20:10:32.903Z</time>
      </trkpt>
      <trkpt lat="44.835913" lon="6.434925">
        <ele>1383.818713</ele>
        <time>2026-01-24T20:10:46.329Z</time>
      </trkpt>
      <trkpt lat="44.835919" lon="6.434776">
        <ele>1385.267254</ele>
        <time>2026-01-24T20:10:54.320Z</time>
      </trkpt>
      <trkpt lat="44.835898" lon="6.434716">
        <ele>1385.916693</ele>
        <time>2026-01-24T20:10:58.155Z</time>
      </trkpt>
      <trkpt lat="44.835827" lon="6.434654">
        <ele>1387.059734</ele>
        <time>2026-01-24T20:11:04.688Z</time>
      </trkpt>
      <trkpt lat="44.835783" lon="6.434514">
        <ele>1388.546071</ele>
        <time>2026-01-24T20:11:15.020Z</time>
      </trkpt>
      <trkpt lat="44.835678" lon="6.434306">
        <ele>1391.015833</ele>
        <time>2026-01-24T20:11:32.141Z</time>
      </trkpt>
      <trkpt lat="44.835619" lon="6.434006">
        <ele>1393.996724</ele>
        <time>2026-01-24T20:11:52.853Z</time>
      </trkpt>
      <trkpt lat="44.835540" lon="6.433749">
        <ele>1396.678720</ele>
        <time>2026-01-24T20:12:11.398Z</time>
      </trkpt>
      <trkpt lat="44.835439" lon="6.433779">
        <ele>1398.072374</ele>
        <time>2026-01-24T20:12:19.071Z</time>
      </trkpt>
      <trkpt lat="44.835399" lon="6.433726">
        <ele>1398.813472</ele>
        <time>2026-01-24T20:12:23.324Z</time>
      </trkpt>
      <trkpt lat="44.835407" lon="6.433654">
        <ele>1399.511278</ele>
        <time>2026-01-24T20:12:27.013Z</time>
      </trkpt>
      <trkpt lat="44.835473" lon="6.433523">
        <ele>1401.049933</ele>
        <time>2026-01-24T20:12:35.243Z</time>
      </trkpt>
      <trkpt lat="44.835587" lon="6.433434">
        <ele>1402.809339</ele>
        <time>2026-01-24T20:12:44.362Z</time>
      </trkpt>
      <trkpt lat="44.835678" lon="6.433470">
        <ele>1404.085480</ele>
        <time>2026-01-24T20:12:50.646Z</time>
      </trkpt>
      <trkpt lat="44.835843" lon="6.433681">
        <ele>1407.092978</ele>
        <time>2026-01-24T20:13:06.044Z</time>
      </trkpt>
      <trkpt lat="44.835880" lon="6.433583">
        <ele>1408.156021</ele>
        <time>2026-01-24T20:13:11.661Z</time>
      </trkpt>
      <trkpt lat="44.835790" lon="6.433370">
        <ele>1410.530061</ele>
        <time>2026-01-24T20:13:24.995Z</time>
      </trkpt>
      <trkpt lat="44.835721" lon="6.433007">
        <ele>1414.128442</ele>
        <time>2026-01-24T20:13:47.061Z</time>
      </trkpt>
      <trkpt lat="44.835687" lon="6.432950">
        <ele>1414.854463</ele>
        <time>2026-01-24T20:13:51.670Z</time>
      </trkpt>
      <trkpt lat="44.835444" lon="6.432830">
        <ele>1418.621739</ele>
        <time>2026-01-24T20:14:13.231Z</time>
      </trkpt>
      <trkpt lat="44.835406" lon="6.432740">
        <ele>1419.708576</ele>
        <time>2026-01-24T20:14:19.237Z</time>
      </trkpt>
      <trkpt lat="44.835403" lon="6.432649">
        <ele>1420.653815</ele>
        <time>2026-01-24T20:14:24.543Z</time>
      </trkpt>
      <trkpt lat="44.835432" lon="6.432561">
        <ele>1421.660685</ele>
        <time>2026-01-24T20:14:30.043Z</time>
      </trkpt>
      <trkpt lat="44.835498" lon="6.432526">
        <ele>1422.692422</ele>
        <time>2026-01-24T20:14:35.698Z</time>
      </trkpt>
      <trkpt lat="44.835588" lon="6.432392">
        <ele>1424.607450</ele>
        <time>2026-01-24T20:14:47.897Z</time>
      </trkpt>
      <trkpt lat="44.835617" lon="6.431925">
        <ele>1429.471585</ele>
        <time>2026-01-24T20:15:18.497Z</time>
      </trkpt>
      <trkpt lat="44.835692" lon="6.431572">
        <ele>1433.295174</ele>
        <time>2026-01-24T20:15:43.187Z</time>
      </trkpt>
      <trkpt lat="44.835689" lon="6.431420">
        <ele>1434.872934</ele>
        <time>2026-01-24T20:15:51.909Z</time>
      </trkpt>
      <trkpt lat="44.835714" lon="6.431261">
        <ele>1436.562782</ele>
        <time>2026-01-24T20:16:01.437Z</time>
      </trkpt>
      <trkpt lat="44.835922" lon="6.430555">
        <ele>1443.562163</ele>
        <time>2026-01-24T20:16:43.586Z</time>
      </trkpt>
      <trkpt lat="44.835914" lon="6.430327">
        <ele>1445.297402</ele>
        <time>2026-01-24T20:16:55.382Z</time>
      </trkpt>
      <trkpt lat="44.835747" lon="6.429989">
        <ele>1448.428815</ele>
        <time>2026-01-24T20:17:16.176Z</time>
      </trkpt>
      <trkpt lat="44.835613" lon="6.429800">
        <ele>1450.460378</ele>
        <time>2026-01-24T20:17:28.898Z</time>
      </trkpt>
      <trkpt lat="44.835387" lon="6.429583">
        <ele>1453.391206</ele>
        <time>2026-01-24T20:17:46.373Z</time>
      </trkpt>
      <trkpt lat="44.835170" lon="6.428965">
        <ele>1458.633274</ele>
        <time>2026-01-24T20:18:16.320Z</time>
      </trkpt>
      <trkpt lat="44.834983" lon="6.428226">
        <ele>1463.300588</ele>
        <time>2026-01-24T20:18:55.539Z</time>
      </trkpt>
      <trkpt lat="44.834959" lon="6.427854">
        <ele>1465.285820</ele>
        <time>2026-01-24T20:19:13.704Z</time>
      </trkpt>
      <trkpt lat="44.834973" lon="6.427687">
        <ele>1466.179554</ele>
        <time>2026-01-24T20:19:21.649Z</time>
      </trkpt>
      <trkpt lat="44.835013" lon="6.427537">
        <ele>1467.031261</ele>
        <time>2026-01-24T20:19:29.082Z</time>
      </trkpt>
      <trkpt lat="44.835247" lon="6.427006">
        <ele>1470.353878</ele>
        <time>2026-01-24T20:19:57.500Z</time>
      </trkpt>
      <trkpt lat="44.835272" lon="6.426887">
        <ele>1471.013493</ele>
        <time>2026-01-24T20:20:03.244Z</time>
      </trkpt>
      <trkpt lat="44.835284" lon="6.426554">
        <ele>1472.785561</ele>
        <time>2026-01-24T20:20:18.817Z</time>
      </trkpt>
      <trkpt lat="44.835200" lon="6.426084">
        <ele>1475.111116</ele>
        <time>2026-01-24T20:20:41.568Z</time>
      </trkpt>
      <trkpt lat="44.835000" lon="6.425507">
        <ele>1477.988626</ele>
        <time>2026-01-24T20:21:10.657Z</time>
      </trkpt>
      <trkpt lat="44.834828" lon="6.425416">
        <ele>1479.149313</ele>
        <time>2026-01-24T20:21:22.157Z</time>
      </trkpt>
      <trkpt lat="44.834522" lon="6.425143">
        <ele>1481.437102</ele>
        <time>2026-01-24T20:21:44.952Z</time>
      </trkpt>
      <trkpt lat="44.834447" lon="6.425000">
        <ele>1482.234003</ele>
        <time>2026-01-24T20:21:52.771Z</time>
      </trkpt>
      <trkpt lat="44.834321" lon="6.424650">
        <ele>1483.992670</ele>
        <time>2026-01-24T20:22:09.947Z</time>
      </trkpt>
      <trkpt lat="44.834153" lon="6.424373">
        <ele>1485.640740</ele>
        <time>2026-01-24T20:22:25.808Z</time>
      </trkpt>
      <trkpt lat="44.834124" lon="6.424279">
        <ele>1486.113915</ele>
        <time>2026-01-24T20:22:30.296Z</time>
      </trkpt>
      <trkpt lat="44.834053" lon="6.423919">
        <ele>1487.838701</ele>
        <time>2026-01-24T20:22:46.550Z</time>
      </trkpt>
      <trkpt lat="44.833938" lon="6.423666">
        <ele>1489.225827</ele>
        <time>2026-01-24T20:22:59.639Z</time>
      </trkpt>
      <trkpt lat="44.833938" lon="6.423320">
        <ele>1490.822928</ele>
        <time>2026-01-24T20:23:14.865Z</time>
      </trkpt>
      <trkpt lat="44.833812" lon="6.422985">
        <ele>1492.573287</ele>
        <time>2026-01-24T20:23:32.059Z</time>
      </trkpt>
      <trkpt lat="44.833753" lon="6.421622">
        <ele>1499.596183</ele>
        <time>2026-01-24T20:24:36.127Z</time>
      </trkpt>
      <trkpt lat="44.833627" lon="6.421358">
        <ele>1501.583542</ele>
        <time>2026-01-24T20:24:51.610Z</time>
      </trkpt>
      <trkpt lat="44.833359" lon="6.421016">
        <ele>1504.766665</ele>
        <time>2026-01-24T20:25:17.021Z</time>
      </trkpt>
      <trkpt lat="44.833249" lon="6.420702">
        <ele>1506.953896</ele>
        <time>2026-01-24T20:25:34.966Z</time>
      </trkpt>
      <trkpt lat="44.833156" lon="6.420596">
        <ele>1508.006994</ele>
        <time>2026-01-24T20:25:43.735Z</time>
      </trkpt>
      <trkpt lat="44.833130" lon="6.420514">
        <ele>1508.567963</ele>
        <time>2026-01-24T20:25:48.538Z</time>
      </trkpt>
      <trkpt lat="44.833070" lon="6.420126">
        <ele>1511.048073</ele>
        <time>2026-01-24T20:26:10.125Z</time>
      </trkpt>
      <trkpt lat="44.833117" lon="6.419418">
        <ele>1516.249269</ele>
        <time>2026-01-24T20:26:49.810Z</time>
      </trkpt>
      <trkpt lat="44.833103" lon="6.419146">
        <ele>1518.412947</ele>
        <time>2026-01-24T20:27:05.582Z</time>
      </trkpt>
      <trkpt lat="44.833033" lon="6.418866">
        <ele>1520.768417</ele>
        <time>2026-01-24T20:27:22.737Z</time>
      </trkpt>
      <trkpt lat="44.832993" lon="6.418786">
        <ele>1521.545021</ele>
        <time>2026-01-24T20:27:28.211Z</time>
      </trkpt>
      <trkpt lat="44.832634" lon="6.418297">
        <ele>1527.129177</ele>
        <time>2026-01-24T20:28:08.357Z</time>
      </trkpt>
      <trkpt lat="44.832480" lon="6.417983">
        <ele>1530.158146</ele>
        <time>2026-01-24T20:28:31.255Z</time>
      </trkpt>
      <trkpt lat="44.832451" lon="6.417858">
        <ele>1531.201607</ele>
        <time>2026-01-24T20:28:39.202Z</time>
      </trkpt>
      <trkpt lat="44.832497" lon="6.417581">
        <ele>1533.538982</ele>
        <time>2026-01-24T20:28:56.681Z</time>
      </trkpt>
      <trkpt lat="44.832491" lon="6.417230">
        <ele>1536.663775</ele>
        <time>2026-01-24T20:29:18.380Z</time>
      </trkpt>
      <trkpt lat="44.832515" lon="6.416726">
        <ele>1541.159453</ele>
        <time>2026-01-24T20:29:50.310Z</time>
      </trkpt>
      <trkpt lat="44.832692" lon="6.415687">
        <ele>1550.669550</ele>
        <time>2026-01-24T20:30:57.739Z</time>
      </trkpt>
      <trkpt lat="44.832707" lon="6.415454">
        <ele>1552.751760</ele>
        <time>2026-01-24T20:31:12.218Z</time>
      </trkpt>
      <trkpt lat="44.832695" lon="6.415015">
        <ele>1556.371190</ele>
        <time>2026-01-24T20:31:38.021Z</time>
      </trkpt>
      <trkpt lat="44.832662" lon="6.414747">
        <ele>1558.246513</ele>
        <time>2026-01-24T20:31:53.046Z</time>
      </trkpt>
      <trkpt lat="44.832599" lon="6.414483">
        <ele>1560.166900</ele>
        <time>2026-01-24T20:32:07.813Z</time>
      </trkpt>
      <trkpt lat="44.832472" lon="6.414112">
        <ele>1563.007095</ele>
        <time>2026-01-24T20:32:29.140Z</time>
      </trkpt>
      <trkpt lat="44.832449" lon="6.413923">
        <ele>1564.329172</ele>
        <time>2026-01-24T20:32:38.998Z</time>
      </trkpt>
      <trkpt lat="44.832454" lon="6.413829">
        <ele>1564.979061</ele>
        <time>2026-01-24T20:32:43.848Z</time>
      </trkpt>
      <trkpt lat="44.832655" lon="6.413009">
        <ele>1570.960597</ele>
        <time>2026-01-24T20:33:29.556Z</time>
      </trkpt>
      <trkpt lat="44.832675" lon="6.412839">
        <ele>1572.148650</ele>
        <time>2026-01-24T20:33:38.630Z</time>
      </trkpt>
      <trkpt lat="44.832667" lon="6.412586">
        <ele>1573.585881</ele>
        <time>2026-01-24T20:33:51.713Z</time>
      </trkpt>
      <trkpt lat="44.832626" lon="6.412304">
        <ele>1574.979215</ele>
        <time>2026-01-24T20:34:06.574Z</time>
      </trkpt>
      <trkpt lat="44.832637" lon="6.411943">
        <ele>1576.728150</ele>
        <time>2026-01-24T20:34:24.892Z</time>
      </trkpt>
      <trkpt lat="44.832599" lon="6.411545">
        <ele>1578.671943</ele>
        <time>2026-01-24T20:34:44.476Z</time>
      </trkpt>
      <trkpt lat="44.832272" lon="6.410638">
        <ele>1583.596792</ele>
        <time>2026-01-24T20:35:29.537Z</time>
      </trkpt>
      <trkpt lat="44.832227" lon="6.410378">
        <ele>1584.892196</ele>
        <time>2026-01-24T20:35:40.230Z</time>
      </trkpt>
      <trkpt lat="44.832207" lon="6.409675">
        <ele>1587.197698</ele>
        <time>2026-01-24T20:36:07.537Z</time>
      </trkpt>
      <trkpt lat="44.832152" lon="6.409180">
        <ele>1588.779558</ele>
        <time>2026-01-24T20:36:27.327Z</time>
      </trkpt>
      <trkpt lat="44.831892" lon="6.408702">
        <ele>1590.681464</ele>
        <time>2026-01-24T20:36:51.888Z</time>
      </trkpt>
      <trkpt lat="44.831553" lon="6.407689">
        <ele>1594.459554</ele>
        <time>2026-01-24T20:37:39.585Z</time>
      </trkpt>
      <trkpt lat="44.831414" lon="6.407459">
        <ele>1595.627866</ele>
        <time>2026-01-24T20:37:52.828Z</time>
      </trkpt>
      <trkpt lat="44.831000" lon="6.406611">
        <ele>1599.608181</ele>
        <time>2026-01-24T20:38:37.988Z</time>
      </trkpt>
      <trkpt lat="44.830766" lon="6.406232">
        <ele>1601.550987</ele>
        <time>2026-01-24T20:38:59.666Z</time>
      </trkpt>
      <trkpt lat="44.830713" lon="6.406106">
        <ele>1602.117377</ele>
        <time>2026-01-24T20:39:05.911Z</time>
      </trkpt>
      <trkpt lat="44.830653" lon="6.405871">
        <ele>1603.030384</ele>
        <time>2026-01-24T20:39:16.388Z</time>
      </trkpt>
      <trkpt lat="44.830617" lon="6.405527">
        <ele>1603.853208</ele>
        <time>2026-01-24T20:39:30.778Z</time>
      </trkpt>
      <trkpt lat="44.830575" lon="6.404894">
        <ele>1605.357622</ele>
        <time>2026-01-24T20:39:56.520Z</time>
      </trkpt>
      <trkpt lat="44.830640" lon="6.403532">
        <ele>1608.587821</ele>
        <time>2026-01-24T20:40:49.075Z</time>
      </trkpt>
      <trkpt lat="44.830671" lon="6.403312">
        <ele>1608.934119</ele>
        <time>2026-01-24T20:40:57.568Z</time>
      </trkpt>
      <trkpt lat="44.831093" lon="6.402122">
        <ele>1608.663901</ele>
        <time>2026-01-24T20:41:43.653Z</time>
      </trkpt>
      <trkpt lat="44.831158" lon="6.401924">
        <ele>1608.619588</ele>
        <time>2026-01-24T20:41:50.793Z</time>
      </trkpt>
      <trkpt lat="44.831179" lon="6.401743">
        <ele>1608.582339</ele>
        <time>2026-01-24T20:41:56.774Z</time>
      </trkpt>
      <trkpt lat="44.831049" lon="6.401683">
        <ele>1608.543166</ele>
        <time>2026-01-24T20:42:03.064Z</time>
      </trkpt>
      <trkpt lat="44.831076" lon="6.401455">
        <ele>1608.496218</ele>
        <time>2026-01-24T20:42:10.619Z</time>
      </trkpt>
      <trkpt lat="44.830851" lon="6.401503">
        <ele>1608.444200</ele>
        <time>2026-01-24T20:42:21.107Z</time>
      </trkpt>
      <trkpt lat="44.830774" lon="6.401427">
        <ele>1608.555838</ele>
        <time>2026-01-24T20:42:25.510Z</time>
      </trkpt>
      <trkpt lat="44.830599" lon="6.401260">
        <ele>1608.806825</ele>
        <time>2026-01-24T20:42:37.084Z</time>
      </trkpt>
      <trkpt lat="44.830378" lon="6.401211">
        <ele>1609.072547</ele>
        <time>2026-01-24T20:42:49.499Z</time>
      </trkpt>
      <trkpt lat="44.830351" lon="6.401172">
        <ele>1609.118457</ele>
        <time>2026-01-24T20:42:51.624Z</time>
      </trkpt>
      <trkpt lat="44.830271" lon="6.400915">
        <ele>1609.354879</ele>
        <time>2026-01-24T20:43:02.831Z</time>
      </trkpt>
      <trkpt lat="44.830255" lon="6.400639">
        <ele>1609.588147</ele>
        <time>2026-01-24T20:43:14.298Z</time>
      </trkpt>
      <trkpt lat="44.830137" lon="6.400468">
        <ele>1609.789126</ele>
        <time>2026-01-24T20:43:24.650Z</time>
      </trkpt>
      <trkpt lat="44.830093" lon="6.400200">
        <ele>1610.020850</ele>
        <time>2026-01-24T20:43:37.144Z</time>
      </trkpt>
      <trkpt lat="44.830011" lon="6.400114">
        <ele>1610.142234</ele>
        <time>2026-01-24T20:43:43.867Z</time>
      </trkpt>
      <trkpt lat="44.829955" lon="6.399635">
        <ele>1610.551174</ele>
        <time>2026-01-24T20:44:07.283Z</time>
      </trkpt>
      <trkpt lat="44.829840" lon="6.399231">
        <ele>1612.418215</ele>
        <time>2026-01-24T20:44:28.748Z</time>
      </trkpt>
      <trkpt lat="44.829791" lon="6.398868">
        <ele>1614.071827</ele>
        <time>2026-01-24T20:44:47.287Z</time>
      </trkpt>
      <trkpt lat="44.829678" lon="6.398542">
        <ele>1615.695624</ele>
        <time>2026-01-24T20:45:05.724Z</time>
      </trkpt>
      <trkpt lat="44.829465" lon="6.398207">
        <ele>1617.709046</ele>
        <time>2026-01-24T20:45:29.098Z</time>
      </trkpt>
      <trkpt lat="44.829396" lon="6.397991">
        <ele>1618.769196</ele>
        <time>2026-01-24T20:45:41.819Z</time>
      </trkpt>
      <trkpt lat="44.829304" lon="6.397908">
        <ele>1619.458372</ele>
        <time>2026-01-24T20:45:50.247Z</time>
      </trkpt>
      <trkpt lat="44.829249" lon="6.397809">
        <ele>1620.021154</ele>
        <time>2026-01-24T20:45:57.254Z</time>
      </trkpt>
      <trkpt lat="44.829070" lon="6.397323">
        <ele>1622.893021</ele>
        <time>2026-01-24T20:46:29.028Z</time>
      </trkpt>
      <trkpt lat="44.828968" lon="6.397126">
        <ele>1624.816655</ele>
        <time>2026-01-24T20:46:44.360Z</time>
      </trkpt>
      <trkpt lat="44.828938" lon="6.396942">
        <ele>1626.305637</ele>
        <time>2026-01-24T20:46:56.605Z</time>
      </trkpt>
      <trkpt lat="44.828982" lon="6.396727">
        <ele>1628.070432</ele>
        <time>2026-01-24T20:47:11.575Z</time>
      </trkpt>
      <trkpt lat="44.828982" lon="6.396608">
        <ele>1629.008934</ele>
        <time>2026-01-24T20:47:19.792Z</time>
      </trkpt>
      <trkpt lat="44.828700" lon="6.396269">
        <ele>1633.129811</ele>
        <time>2026-01-24T20:47:56.138Z</time>
      </trkpt>
      <trkpt lat="44.828478" lon="6.396230">
        <ele>1635.617571</ele>
        <time>2026-01-24T20:48:18.540Z</time>
      </trkpt>
      <trkpt lat="44.828285" lon="6.396271">
        <ele>1637.787981</ele>
        <time>2026-01-24T20:48:38.200Z</time>
      </trkpt>
      <trkpt lat="44.827823" lon="6.396163">
        <ele>1643.462244</ele>
        <time>2026-01-24T20:49:25.673Z</time>
      </trkpt>
      <trkpt lat="44.827463" lon="6.396237">
        <ele>1649.263776</ele>
        <time>2026-01-24T20:50:04.113Z</time>
      </trkpt>
      <trkpt lat="44.827284" lon="6.396176">
        <ele>1652.200442</ele>
        <time>2026-01-24T20:50:24.113Z</time>
      </trkpt>
      <trkpt lat="44.827076" lon="6.396182">
        <ele>1655.518069</ele>
        <time>2026-01-24T20:50:47.074Z</time>
      </trkpt>
      <trkpt lat="44.826990" lon="6.396280">
        <ele>1657.281397</ele>
        <time>2026-01-24T20:50:59.675Z</time>
      </trkpt>
      <trkpt lat="44.826959" lon="6.396281">
        <ele>1657.775877</ele>
        <time>2026-01-24T20:51:03.159Z</time>
      </trkpt>
      <trkpt lat="44.826853" lon="6.396242">
        <ele>1659.522840</ele>
        <time>2026-01-24T20:51:15.896Z</time>
      </trkpt>
      <trkpt lat="44.826782" lon="6.396158">
        <ele>1661.000853</ele>
        <time>2026-01-24T20:51:26.954Z</time>
      </trkpt>
      <trkpt lat="44.826723" lon="6.396149">
        <ele>1661.947204</ele>
        <time>2026-01-24T20:51:34.031Z</time>
      </trkpt>
      <trkpt lat="44.826633" lon="6.396078">
        <ele>1663.591793</ele>
        <time>2026-01-24T20:51:46.701Z</time>
      </trkpt>
      <trkpt lat="44.826475" lon="6.396079">
        <ele>1666.111411</ele>
        <time>2026-01-24T20:52:06.515Z</time>
      </trkpt>
      <trkpt lat="44.826257" lon="6.396028">
        <ele>1669.635342</ele>
        <time>2026-01-24T20:52:35.358Z</time>
      </trkpt>
      <trkpt lat="44.826042" lon="6.396118">
        <ele>1673.716892</ele>
        <time>2026-01-24T20:53:06.495Z</time>
      </trkpt>
      <trkpt lat="44.825728" lon="6.396135">
        <ele>1679.698066</ele>
        <time>2026-01-24T20:53:51.998Z</time>
      </trkpt>
      <trkpt lat="44.825568" lon="6.396082">
        <ele>1682.826475</ele>
        <time>2026-01-24T20:54:15.699Z</time>
      </trkpt>
      <trkpt lat="44.825465" lon="6.396095">
        <ele>1684.794847</ele>
        <time>2026-01-24T20:54:30.531Z</time>
      </trkpt>
      <trkpt lat="44.825383" lon="6.396018">
        <ele>1686.670142</ele>
        <time>2026-01-24T20:54:44.337Z</time>
      </trkpt>
      <trkpt lat="44.825155" lon="6.395936">
        <ele>1691.148929</ele>
        <time>2026-01-24T20:55:16.791Z</time>
      </trkpt>
      <trkpt lat="44.825023" lon="6.395973">
        <ele>1693.710628</ele>
        <time>2026-01-24T20:55:34.848Z</time>
      </trkpt>
      <trkpt lat="44.824841" lon="6.395938">
        <ele>1697.206946</ele>
        <time>2026-01-24T20:55:58.702Z</time>
      </trkpt>
      <trkpt lat="44.824603" lon="6.395821">
        <ele>1702.004585</ele>
        <time>2026-01-24T20:56:30.080Z</time>
      </trkpt>
      <trkpt lat="44.824499" lon="6.395806">
        <ele>1703.994483</ele>
        <time>2026-01-24T20:56:42.636Z</time>
      </trkpt>
      <trkpt lat="44.824147" lon="6.395845">
        <ele>1708.908689</ele>
        <time>2026-01-24T20:57:23.460Z</time>
      </trkpt>
      <trkpt lat="44.823982" lon="6.395915">
        <ele>1711.180145</ele>
        <time>2026-01-24T20:57:42.317Z</time>
      </trkpt>
      <trkpt lat="44.823821" lon="6.395943">
        <ele>1713.318620</ele>
        <time>2026-01-24T20:57:59.553Z</time>
      </trkpt>
      <trkpt lat="44.823656" lon="6.395941">
        <ele>1715.493819</ele>
        <time>2026-01-24T20:58:16.481Z</time>
      </trkpt>
      <trkpt lat="44.823533" lon="6.395998">
        <ele>1717.200614</ele>
        <time>2026-01-24T20:58:29.630Z</time>
      </trkpt>
      <trkpt lat="44.823467" lon="6.396041">
        <ele>1718.159066</ele>
        <time>2026-01-24T20:58:36.833Z</time>
      </trkpt>
      <trkpt lat="44.823436" lon="6.396097">
        <ele>1718.823270</ele>
        <time>2026-01-24T20:58:41.852Z</time>
      </trkpt>
      <trkpt lat="44.823315" lon="6.396161">
        <ele>1720.526912</ele>
        <time>2026-01-24T20:58:54.545Z</time>
      </trkpt>
      <trkpt lat="44.823126" lon="6.396095">
        <ele>1723.093699</ele>
        <time>2026-01-24T20:59:13.688Z</time>
      </trkpt>
      <trkpt lat="44.822992" lon="6.396181">
        <ele>1725.034572</ele>
        <time>2026-01-24T20:59:27.972Z</time>
      </trkpt>
      <trkpt lat="44.822840" lon="6.396200">
        <ele>1727.046177</ele>
        <time>2026-01-24T20:59:42.747Z</time>
      </trkpt>
      <trkpt lat="44.822740" lon="6.396272">
        <ele>1728.526385</ele>
        <time>2026-01-24T20:59:53.539Z</time>
      </trkpt>
      <trkpt lat="44.822675" lon="6.396381">
        <ele>1729.693969</ele>
        <time>2026-01-24T21:00:03.298Z</time>
      </trkpt>
      <trkpt lat="44.822558" lon="6.396348">
        <ele>1731.069776</ele>
        <time>2026-01-24T21:00:14.807Z</time>
      </trkpt>
      <trkpt lat="44.822431" lon="6.396261">
        <ele>1732.697870</ele>
        <time>2026-01-24T21:00:28.536Z</time>
      </trkpt>
      <trkpt lat="44.822389" lon="6.396202">
        <ele>1733.381515</ele>
        <time>2026-01-24T21:00:34.263Z</time>
      </trkpt>
      <trkpt lat="44.822085" lon="6.396287">
        <ele>1736.955074</ele>
        <time>2026-01-24T21:01:04.579Z</time>
      </trkpt>
      <trkpt lat="44.822103" lon="6.396189">
        <ele>1737.783015</ele>
        <time>2026-01-24T21:01:11.687Z</time>
      </trkpt>
      <trkpt lat="44.822085" lon="6.396154">
        <ele>1738.136592</ele>
        <time>2026-01-24T21:01:14.719Z</time>
      </trkpt>
      <trkpt lat="44.822041" lon="6.396159">
        <ele>1738.645582</ele>
        <time>2026-01-24T21:01:19.072Z</time>
      </trkpt>
      <trkpt lat="44.821950" lon="6.396087">
        <ele>1739.848806</ele>
        <time>2026-01-24T21:01:29.500Z</time>
      </trkpt>
      <trkpt lat="44.821885" lon="6.396097">
        <ele>1740.602741</ele>
        <time>2026-01-24T21:01:36.098Z</time>
      </trkpt>
      <trkpt lat="44.821461" lon="6.395860">
        <ele>1745.861930</ele>
        <time>2026-01-24T21:02:21.972Z</time>
      </trkpt>
      <trkpt lat="44.821231" lon="6.395867">
        <ele>1748.514575</ele>
        <time>2026-01-24T21:02:45.003Z</time>
      </trkpt>
      <trkpt lat="44.821141" lon="6.395896">
        <ele>1749.545679</ele>
        <time>2026-01-24T21:02:54.105Z</time>
      </trkpt>
      <trkpt lat="44.821049" lon="6.395969">
        <ele>1750.622742</ele>
        <time>2026-01-24T21:03:04.515Z</time>
      </trkpt>
      <trkpt lat="44.820811" lon="6.395957">
        <ele>1753.052443</ele>
        <time>2026-01-24T21:03:27.680Z</time>
      </trkpt>
      <trkpt lat="44.820722" lon="6.396006">
        <ele>1754.027231</ele>
        <time>2026-01-24T21:03:36.865Z</time>
      </trkpt>
      <trkpt lat="44.820594" lon="6.395954">
        <ele>1755.386263</ele>
        <time>2026-01-24T21:03:49.405Z</time>
      </trkpt>
      <trkpt lat="44.820417" lon="6.395719">
        <ele>1757.866798</ele>
        <time>2026-01-24T21:04:11.884Z</time>
      </trkpt>
      <trkpt lat="44.820295" lon="6.395700">
        <ele>1759.119051</ele>
        <time>2026-01-24T21:04:23.192Z</time>
      </trkpt>
      <trkpt lat="44.820288" lon="6.395656">
        <ele>1759.445377</ele>
        <time>2026-01-24T21:04:26.084Z</time>
      </trkpt>
      <trkpt lat="44.820360" lon="6.395590">
        <ele>1760.321568</ele>
        <time>2026-01-24T21:04:33.829Z</time>
      </trkpt>
      <trkpt lat="44.820343" lon="6.395544">
        <ele>1760.696929</ele>
        <time>2026-01-24T21:04:37.166Z</time>
      </trkpt>
      <trkpt lat="44.820205" lon="6.395503">
        <ele>1762.135771</ele>
        <time>2026-01-24T21:04:49.955Z</time>
      </trkpt>
      <trkpt lat="44.820084" lon="6.395593">
        <ele>1763.531528</ele>
        <time>2026-01-24T21:05:02.090Z</time>
      </trkpt>
      <trkpt lat="44.819734" lon="6.395472">
        <ele>1767.208133</ele>
        <time>2026-01-24T21:05:33.428Z</time>
      </trkpt>
      <trkpt lat="44.819648" lon="6.395569">
        <ele>1768.191681</ele>
        <time>2026-01-24T21:05:42.813Z</time>
      </trkpt>
      <trkpt lat="44.819549" lon="6.395565">
        <ele>1768.997667</ele>
        <time>2026-01-24T21:05:51.105Z</time>
      </trkpt>
      <trkpt lat="44.819384" lon="6.395533">
        <ele>1770.353072</ele>
        <time>2026-01-24T21:06:04.927Z</time>
      </trkpt>
      <trkpt lat="44.819343" lon="6.395486">
        <ele>1770.783111</ele>
        <time>2026-01-24T21:06:09.334Z</time>
      </trkpt>
      <trkpt lat="44.819179" lon="6.395436">
        <ele>1772.148585</ele>
        <time>2026-01-24T21:06:23.139Z</time>
      </trkpt>
      <trkpt lat="44.819059" lon="6.395309">
        <ele>1773.369693</ele>
        <time>2026-01-24T21:06:35.387Z</time>
      </trkpt>
      <trkpt lat="44.818658" lon="6.395055">
        <ele>1776.947265</ele>
        <time>2026-01-24T21:07:10.983Z</time>
      </trkpt>
      <trkpt lat="44.818353" lon="6.394797">
        <ele>1779.841875</ele>
        <time>2026-01-24T21:07:39.460Z</time>
      </trkpt>
      <trkpt lat="44.818327" lon="6.394750">
        <ele>1780.185937</ele>
        <time>2026-01-24T21:07:42.805Z</time>
      </trkpt>
      <trkpt lat="44.818209" lon="6.394698">
        <ele>1781.192036</ele>
        <time>2026-01-24T21:07:52.617Z</time>
      </trkpt>
      <trkpt lat="44.818171" lon="6.394605">
        <ele>1781.811586</ele>
        <time>2026-01-24T21:07:58.645Z</time>
      </trkpt>
      <trkpt lat="44.818041" lon="6.394593">
        <ele>1782.845650</ele>
        <time>2026-01-24T21:08:08.964Z</time>
      </trkpt>
      <trkpt lat="44.817828" lon="6.394445">
        <ele>1784.693285</ele>
        <time>2026-01-24T21:08:27.742Z</time>
      </trkpt>
      <trkpt lat="44.817612" lon="6.394256">
        <ele>1786.671303</ele>
        <time>2026-01-24T21:08:48.046Z</time>
      </trkpt>
      <trkpt lat="44.817474" lon="6.394088">
        <ele>1788.089975</ele>
        <time>2026-01-24T21:09:02.904Z</time>
      </trkpt>
      <trkpt lat="44.817073" lon="6.393788">
        <ele>1791.622125</ele>
        <time>2026-01-24T21:09:40.920Z</time>
      </trkpt>
      <trkpt lat="44.816934" lon="6.393597">
        <ele>1793.132403</ele>
        <time>2026-01-24T21:09:56.988Z</time>
      </trkpt>
      <trkpt lat="44.816806" lon="6.393115">
        <ele>1795.972997</ele>
        <time>2026-01-24T21:10:26.584Z</time>
      </trkpt>
      <trkpt lat="44.816645" lon="6.392817">
        <ele>1797.365445</ele>
        <time>2026-01-24T21:10:46.978Z</time>
      </trkpt>
      <trkpt lat="44.816406" lon="6.392455">
        <ele>1799.053583</ele>
        <time>2026-01-24T21:11:11.984Z</time>
      </trkpt>
      <trkpt lat="44.816093" lon="6.392109">
        <ele>1800.967676</ele>
        <time>2026-01-24T21:11:39.122Z</time>
      </trkpt>
      <trkpt lat="44.815980" lon="6.392040">
        <ele>1801.560278</ele>
        <time>2026-01-24T21:11:47.296Z</time>
      </trkpt>
      <trkpt lat="44.815687" lon="6.392000">
        <ele>1802.976853</ele>
        <time>2026-01-24T21:12:06.461Z</time>
      </trkpt>
      <trkpt lat="44.815477" lon="6.391801">
        <ele>1804.194523</ele>
        <time>2026-01-24T21:12:22.726Z</time>
      </trkpt>
      <trkpt lat="44.815378" lon="6.391672">
        <ele>1804.843282</ele>
        <time>2026-01-24T21:12:31.455Z</time>
      </trkpt>
      <trkpt lat="44.815332" lon="6.391559">
        <ele>1805.389094</ele>
        <time>2026-01-24T21:12:37.531Z</time>
      </trkpt>
      <trkpt lat="44.815319" lon="6.391410">
        <ele>1806.044865</ele>
        <time>2026-01-24T21:12:44.588Z</time>
      </trkpt>
      <trkpt lat="44.815161" lon="6.391114">
        <ele>1807.663024</ele>
        <time>2026-01-24T21:13:02.359Z</time>
      </trkpt>
      <trkpt lat="44.814781" lon="6.390714">
        <ele>1810.583381</ele>
        <time>2026-01-24T21:13:36.654Z</time>
      </trkpt>
      <trkpt lat="44.814649" lon="6.390530">
        <ele>1811.726502</ele>
        <time>2026-01-24T21:13:51.206Z</time>
      </trkpt>
      <trkpt lat="44.814514" lon="6.390421">
        <ele>1812.684508</ele>
        <time>2026-01-24T21:14:03.572Z</time>
      </trkpt>
      <trkpt lat="44.814178" lon="6.389992">
        <ele>1815.476053</ele>
        <time>2026-01-24T21:14:40.416Z</time>
      </trkpt>
      <trkpt lat="44.813973" lon="6.389841">
        <ele>1816.854421</ele>
        <time>2026-01-24T21:14:59.420Z</time>
      </trkpt>
      <trkpt lat="44.813928" lon="6.389777">
        <ele>1817.227922</ele>
        <time>2026-01-24T21:15:04.635Z</time>
      </trkpt>
      <trkpt lat="44.813648" lon="6.389216">
        <ele>1820.071092</ele>
        <time>2026-01-24T21:15:43.270Z</time>
      </trkpt>
      <trkpt lat="44.813605" lon="6.388835">
        <ele>1821.670182</ele>
        <time>2026-01-24T21:16:03.746Z</time>
      </trkpt>
      <trkpt lat="44.813536" lon="6.388610">
        <ele>1822.686209</ele>
        <time>2026-01-24T21:16:16.272Z</time>
      </trkpt>
      <trkpt lat="44.813513" lon="6.388329">
        <ele>1823.858672</ele>
        <time>2026-01-24T21:16:30.262Z</time>
      </trkpt>
      <trkpt lat="44.813423" lon="6.387935">
        <ele>1825.574365</ele>
        <time>2026-01-24T21:16:49.899Z</time>
      </trkpt>
      <trkpt lat="44.813330" lon="6.387820">
        <ele>1826.297198</ele>
        <time>2026-01-24T21:16:57.944Z</time>
      </trkpt>
      <trkpt lat="44.813275" lon="6.387689">
        <ele>1826.718179</ele>
        <time>2026-01-24T21:17:04.880Z</time>
      </trkpt>
      <trkpt lat="44.813224" lon="6.387643">
        <ele>1826.893645</ele>
        <time>2026-01-24T21:17:08.696Z</time>
      </trkpt>
      <trkpt lat="44.813086" lon="6.387294">
        <ele>1827.715082</ele>
        <time>2026-01-24T21:17:26.541Z</time>
      </trkpt>
      <trkpt lat="44.812698" lon="6.386600">
        <ele>1829.531702</ele>
        <time>2026-01-24T21:18:05.686Z</time>
      </trkpt>
      <trkpt lat="44.812608" lon="6.386529">
        <ele>1829.830594</ele>
        <time>2026-01-24T21:18:12.161Z</time>
      </trkpt>
      <trkpt lat="44.812498" lon="6.386370">
        <ele>1830.287190</ele>
        <time>2026-01-24T21:18:22.069Z</time>
      </trkpt>
      <trkpt lat="44.812420" lon="6.386187">
        <ele>1830.726108</ele>
        <time>2026-01-24T21:18:31.722Z</time>
      </trkpt>
      <trkpt lat="44.812237" lon="6.386010">
        <ele>1831.369290</ele>
        <time>2026-01-24T21:18:46.091Z</time>
      </trkpt>
      <trkpt lat="44.811942" lon="6.385464">
        <ele>1832.966239</ele>
        <time>2026-01-24T21:19:17.893Z</time>
      </trkpt>
      <trkpt lat="44.811681" lon="6.385181">
        <ele>1834.088498</ele>
        <time>2026-01-24T21:19:39.507Z</time>
      </trkpt>
      <trkpt lat="44.811516" lon="6.385088">
        <ele>1834.694136</ele>
        <time>2026-01-24T21:19:51.142Z</time>
      </trkpt>
      <trkpt lat="44.811347" lon="6.385037">
        <ele>1835.283169</ele>
        <time>2026-01-24T21:20:02.389Z</time>
      </trkpt>
      <trkpt lat="44.811210" lon="6.384887">
        <ele>1835.874397</ele>
        <time>2026-01-24T21:20:13.658Z</time>
      </trkpt>
      <trkpt lat="44.811118" lon="6.384857">
        <ele>1836.196229</ele>
        <time>2026-01-24T21:20:19.711Z</time>
      </trkpt>
      <trkpt lat="44.811072" lon="6.384803">
        <ele>1836.400253</ele>
        <time>2026-01-24T21:20:23.616Z</time>
      </trkpt>
      <trkpt lat="44.811026" lon="6.384658">
        <ele>1836.784302</ele>
        <time>2026-01-24T21:20:30.904Z</time>
      </trkpt>
      <trkpt lat="44.811056" lon="6.384128">
        <ele>1838.177304</ele>
        <time>2026-01-24T21:20:55.557Z</time>
      </trkpt>
      <trkpt lat="44.811009" lon="6.383788">
        <ele>1839.432087</ele>
        <time>2026-01-24T21:21:11.795Z</time>
      </trkpt>
      <trkpt lat="44.811012" lon="6.383700">
        <ele>1839.751227</ele>
        <time>2026-01-24T21:21:15.936Z</time>
      </trkpt>
      <trkpt lat="44.811066" lon="6.383545">
        <ele>1840.376749</ele>
        <time>2026-01-24T21:21:24.095Z</time>
      </trkpt>
      <trkpt lat="44.811043" lon="6.383366">
        <ele>1841.035710</ele>
        <time>2026-01-24T21:21:32.707Z</time>
      </trkpt>
      <trkpt lat="44.810851" lon="6.383002">
        <ele>1842.678789</ele>
        <time>2026-01-24T21:21:54.704Z</time>
      </trkpt>
      <trkpt lat="44.810632" lon="6.382799">
        <ele>1844.017136</ele>
        <time>2026-01-24T21:22:13.185Z</time>
      </trkpt>
      <trkpt lat="44.810427" lon="6.382529">
        <ele>1845.449710</ele>
        <time>2026-01-24T21:22:33.637Z</time>
      </trkpt>
      <trkpt lat="44.810383" lon="6.382427">
        <ele>1845.882142</ele>
        <time>2026-01-24T21:22:39.973Z</time>
      </trkpt>
      <trkpt lat="44.810217" lon="6.382220">
        <ele>1847.013825</ele>
        <time>2026-01-24T21:22:57.040Z</time>
      </trkpt>
      <trkpt lat="44.810161" lon="6.382110">
        <ele>1847.830253</ele>
        <time>2026-01-24T21:23:04.718Z</time>
      </trkpt>
      <trkpt lat="44.809954" lon="6.381996">
        <ele>1849.758544</ele>
        <time>2026-01-24T21:23:22.723Z</time>
      </trkpt>
      <trkpt lat="44.809864" lon="6.381907">
        <ele>1850.712455</ele>
        <time>2026-01-24T21:23:31.810Z</time>
      </trkpt>
      <trkpt lat="44.809758" lon="6.381892">
        <ele>1851.636804</ele>
        <time>2026-01-24T21:23:40.636Z</time>
      </trkpt>
      <trkpt lat="44.809660" lon="6.381834">
        <ele>1852.559031</ele>
        <time>2026-01-24T21:23:49.482Z</time>
      </trkpt>
      <trkpt lat="44.809604" lon="6.381724">
        <ele>1853.392451</ele>
        <time>2026-01-24T21:23:57.607Z</time>
      </trkpt>
      <trkpt lat="44.809582" lon="6.381482">
        <ele>1854.894306</ele>
        <time>2026-01-24T21:24:12.165Z</time>
      </trkpt>
      <trkpt lat="44.809521" lon="6.381398">
        <ele>1855.634240</ele>
        <time>2026-01-24T21:24:19.412Z</time>
      </trkpt>
      <trkpt lat="44.809499" lon="6.381309">
        <ele>1856.214399</ele>
        <time>2026-01-24T21:24:25.017Z</time>
      </trkpt>
      <trkpt lat="44.809475" lon="6.380977">
        <ele>1858.268670</ele>
        <time>2026-01-24T21:24:45.222Z</time>
      </trkpt>
      <trkpt lat="44.809383" lon="6.380824">
        <ele>1859.503270</ele>
        <time>2026-01-24T21:24:57.421Z</time>
      </trkpt>
      <trkpt lat="44.809221" lon="6.380316">
        <ele>1863.060708</ele>
        <time>2026-01-24T21:25:32.280Z</time>
      </trkpt>
      <trkpt lat="44.809013" lon="6.380097">
        <ele>1866.324003</ele>
        <time>2026-01-24T21:25:56.163Z</time>
      </trkpt>
      <trkpt lat="44.808805" lon="6.379986">
        <ele>1869.119534</ele>
        <time>2026-01-24T21:26:17.570Z</time>
      </trkpt>
      <trkpt lat="44.808886" lon="6.379883">
        <ele>1870.490739</ele>
        <time>2026-01-24T21:26:28.257Z</time>
      </trkpt>
      <trkpt lat="44.808738" lon="6.379841">
        <ele>1872.388331</ele>
        <time>2026-01-24T21:26:43.270Z</time>
      </trkpt>
      <trkpt lat="44.808371" lon="6.379334">
        <ele>1878.847464</ele>
        <time>2026-01-24T21:27:36.011Z</time>
      </trkpt>
      <trkpt lat="44.808262" lon="6.379289">
        <ele>1880.275082</ele>
        <time>2026-01-24T21:27:48.127Z</time>
      </trkpt>
      <trkpt lat="44.808262" lon="6.379238">
        <ele>1880.729878</ele>
        <time>2026-01-24T21:27:52.083Z</time>
      </trkpt>
      <trkpt lat="44.808324" lon="6.379122">
        <ele>1882.025010</ele>
        <time>2026-01-24T21:28:03.405Z</time>
      </trkpt>
      <trkpt lat="44.808315" lon="6.379076">
        <ele>1882.450530</ele>
        <time>2026-01-24T21:28:07.093Z</time>
      </trkpt>
      <trkpt lat="44.808163" lon="6.379001">
        <ele>1884.474754</ele>
        <time>2026-01-24T21:28:25.159Z</time>
      </trkpt>
      <trkpt lat="44.807900" lon="6.378716">
        <ele>1889.468751</ele>
        <time>2026-01-24T21:29:03.697Z</time>
      </trkpt>
      <trkpt lat="44.807899" lon="6.378676">
        <ele>1889.912392</ele>
        <time>2026-01-24T21:29:07.126Z</time>
      </trkpt>
      <trkpt lat="44.808026" lon="6.378663">
        <ele>1891.901750</ele>
        <time>2026-01-24T21:29:22.166Z</time>
      </trkpt>
      <trkpt lat="44.808087" lon="6.378601">
        <ele>1893.076693</ele>
        <time>2026-01-24T21:29:31.220Z</time>
      </trkpt>
      <trkpt lat="44.807898" lon="6.378334">
        <ele>1897.257275</ele>
        <time>2026-01-24T21:30:02.909Z</time>
      </trkpt>
      <trkpt lat="44.807854" lon="6.378177">
        <ele>1899.128341</ele>
        <time>2026-01-24T21:30:16.943Z</time>
      </trkpt>
      <trkpt lat="44.807769" lon="6.378040">
        <ele>1901.145623</ele>
        <time>2026-01-24T21:30:31.969Z</time>
      </trkpt>
      <trkpt lat="44.807720" lon="6.377654">
        <ele>1905.492070</ele>
        <time>2026-01-24T21:31:04.282Z</time>
      </trkpt>
      <trkpt lat="44.807633" lon="6.377275">
        <ele>1909.907400</ele>
        <time>2026-01-24T21:31:36.396Z</time>
      </trkpt>
      <trkpt lat="44.807481" lon="6.377107">
        <ele>1912.925156</ele>
        <time>2026-01-24T21:31:57.880Z</time>
      </trkpt>
      <trkpt lat="44.807424" lon="6.376945">
        <ele>1914.517137</ele>
        <time>2026-01-24T21:32:12.028Z</time>
      </trkpt>
      <trkpt lat="44.807309" lon="6.376831">
        <ele>1916.139313</ele>
        <time>2026-01-24T21:32:27.422Z</time>
      </trkpt>
      <trkpt lat="44.807106" lon="6.376737">
        <ele>1918.604690</ele>
        <time>2026-01-24T21:32:50.206Z</time>
      </trkpt>
      <trkpt lat="44.807031" lon="6.376663">
        <ele>1919.660997</ele>
        <time>2026-01-24T21:32:59.765Z</time>
      </trkpt>
      <trkpt lat="44.806964" lon="6.376493">
        <ele>1921.252923</ele>
        <time>2026-01-24T21:33:13.803Z</time>
      </trkpt>
      <trkpt lat="44.806785" lon="6.376236">
        <ele>1924.201062</ele>
        <time>2026-01-24T21:33:39.090Z</time>
      </trkpt>
      <trkpt lat="44.806767" lon="6.376136">
        <ele>1925.045604</ele>
        <time>2026-01-24T21:33:46.091Z</time>
      </trkpt>
      <trkpt lat="44.806695" lon="6.376077">
        <ele>1926.006537</ele>
        <time>2026-01-24T21:33:54.073Z</time>
      </trkpt>
      <trkpt lat="44.806650" lon="6.376092">
        <ele>1926.540070</ele>
        <time>2026-01-24T21:33:58.422Z</time>
      </trkpt>
      <trkpt lat="44.806616" lon="6.376145">
        <ele>1927.124989</ele>
        <time>2026-01-24T21:34:03.112Z</time>
      </trkpt>
      <trkpt lat="44.806573" lon="6.376139">
        <ele>1927.623549</ele>
        <time>2026-01-24T21:34:07.185Z</time>
      </trkpt>
      <trkpt lat="44.806256" lon="6.375667">
        <ele>1932.943982</ele>
        <time>2026-01-24T21:34:47.749Z</time>
      </trkpt>
      <trkpt lat="44.806145" lon="6.375626">
        <ele>1934.200158</ele>
        <time>2026-01-24T21:34:57.327Z</time>
      </trkpt>
      <trkpt lat="44.806007" lon="6.375371">
        <ele>1935.731806</ele>
        <time>2026-01-24T21:35:16.035Z</time>
      </trkpt>
      <trkpt lat="44.805881" lon="6.375267">
        <ele>1936.714668</ele>
        <time>2026-01-24T21:35:27.646Z</time>
      </trkpt>
      <trkpt lat="44.805830" lon="6.375084">
        <ele>1937.653640</ele>
        <time>2026-01-24T21:35:38.538Z</time>
      </trkpt>
      <trkpt lat="44.805816" lon="6.374899">
        <ele>1938.542170</ele>
        <time>2026-01-24T21:35:48.686Z</time>
      </trkpt>
      <trkpt lat="44.806003" lon="6.374583">
        <ele>1940.507349</ele>
        <time>2026-01-24T21:36:10.769Z</time>
      </trkpt>
      <trkpt lat="44.806035" lon="6.374476">
        <ele>1941.061898</ele>
        <time>2026-01-24T21:36:16.945Z</time>
      </trkpt>
      <trkpt lat="44.805926" lon="6.374258">
        <ele>1942.335570</ele>
        <time>2026-01-24T21:36:30.930Z</time>
      </trkpt>
      <trkpt lat="44.805904" lon="6.374116">
        <ele>1943.029710</ele>
        <time>2026-01-24T21:36:38.444Z</time>
      </trkpt>
      <trkpt lat="44.805817" lon="6.373951">
        <ele>1944.011491</ele>
        <time>2026-01-24T21:36:48.969Z</time>
      </trkpt>
      <trkpt lat="44.805762" lon="6.373921">
        <ele>1944.408463</ele>
        <time>2026-01-24T21:36:53.217Z</time>
      </trkpt>
      <trkpt lat="44.805671" lon="6.373932">
        <ele>1945.023251</ele>
        <time>2026-01-24T21:36:59.765Z</time>
      </trkpt>
      <trkpt lat="44.805444" lon="6.373826">
        <ele>1946.568959</ele>
        <time>2026-01-24T21:37:16.757Z</time>
      </trkpt>
      <trkpt lat="44.805311" lon="6.373611">
        <ele>1947.724131</ele>
        <time>2026-01-24T21:37:30.936Z</time>
      </trkpt>
      <trkpt lat="44.805225" lon="6.373545">
        <ele>1948.283060</ele>
        <time>2026-01-24T21:37:37.728Z</time>
      </trkpt>
      <trkpt lat="44.805159" lon="6.373322">
        <ele>1949.261583</ele>
        <time>2026-01-24T21:37:49.692Z</time>
      </trkpt>
      <trkpt lat="44.805126" lon="6.373283">
        <ele>1949.507398</ele>
        <time>2026-01-24T21:37:52.641Z</time>
      </trkpt>
      <trkpt lat="44.804983" lon="6.373226">
        <ele>1950.355638</ele>
        <time>2026-01-24T21:38:03.075Z</time>
      </trkpt>
      <trkpt lat="44.804947" lon="6.373122">
        <ele>1950.824269</ele>
        <time>2026-01-24T21:38:08.846Z</time>
      </trkpt>
      <trkpt lat="44.804713" lon="6.373153">
        <ele>1952.165799</ele>
        <time>2026-01-24T21:38:25.491Z</time>
      </trkpt>
      <trkpt lat="44.804633" lon="6.373108">
        <ele>1952.657453</ele>
        <time>2026-01-24T21:38:31.660Z</time>
      </trkpt>
      <trkpt lat="44.804412" lon="6.372856">
        <ele>1954.280033</ele>
        <time>2026-01-24T21:38:52.177Z</time>
      </trkpt>
      <trkpt lat="44.804383" lon="6.372775">
        <ele>1954.647467</ele>
        <time>2026-01-24T21:38:56.875Z</time>
      </trkpt>
      <trkpt lat="44.804050" lon="6.372452">
        <ele>1957.180758</ele>
        <time>2026-01-24T21:39:27.430Z</time>
      </trkpt>
      <trkpt lat="44.803898" lon="6.372243">
        <ele>1958.968013</ele>
        <time>2026-01-24T21:39:44.097Z</time>
      </trkpt>
      <trkpt lat="44.803816" lon="6.372057">
        <ele>1960.275688</ele>
        <time>2026-01-24T21:39:56.618Z</time>
      </trkpt>
      <trkpt lat="44.803621" lon="6.371865">
        <ele>1962.277721</ele>
        <time>2026-01-24T21:40:16.241Z</time>
      </trkpt>
      <trkpt lat="44.803543" lon="6.371662">
        <ele>1963.656314</ele>
        <time>2026-01-24T21:40:30.235Z</time>
      </trkpt>
      <trkpt lat="44.803468" lon="6.371313">
        <ele>1965.833926</ele>
        <time>2026-01-24T21:40:52.714Z</time>
      </trkpt>
      <trkpt lat="44.803356" lon="6.371109">
        <ele>1967.374264</ele>
        <time>2026-01-24T21:41:08.732Z</time>
      </trkpt>
      <trkpt lat="44.803383" lon="6.371044">
        <ele>1967.824050</ele>
        <time>2026-01-24T21:41:13.452Z</time>
      </trkpt>
      <trkpt lat="44.803343" lon="6.370741">
        <ele>1969.664526</ele>
        <time>2026-01-24T21:41:32.598Z</time>
      </trkpt>
      <trkpt lat="44.803203" lon="6.370616">
        <ele>1971.059372</ele>
        <time>2026-01-24T21:41:47.011Z</time>
      </trkpt>
      <trkpt lat="44.803158" lon="6.370492">
        <ele>1971.896124</ele>
        <time>2026-01-24T21:41:55.524Z</time>
      </trkpt>
      <trkpt lat="44.803076" lon="6.370365">
        <ele>1972.940324</ele>
        <time>2026-01-24T21:42:05.962Z</time>
      </trkpt>
      <trkpt lat="44.802967" lon="6.370070">
        <ele>1974.962916</ele>
        <time>2026-01-24T21:42:25.923Z</time>
      </trkpt>
      <trkpt lat="44.802887" lon="6.369805">
        <ele>1976.714208</ele>
        <time>2026-01-24T21:42:43.044Z</time>
      </trkpt>
      <trkpt lat="44.802856" lon="6.369427">
        <ele>1979.028174</ele>
        <time>2026-01-24T21:43:05.504Z</time>
      </trkpt>
      <trkpt lat="44.802481" lon="6.368215">
        <ele>1987.072196</ele>
        <time>2026-01-24T21:44:23.002Z</time>
      </trkpt>
      <trkpt lat="44.802390" lon="6.368133">
        <ele>1988.084182</ele>
        <time>2026-01-24T21:44:31.880Z</time>
      </trkpt>
      <trkpt lat="44.802305" lon="6.368114">
        <ele>1988.890532</ele>
        <time>2026-01-24T21:44:38.912Z</time>
      </trkpt>
      <trkpt lat="44.802227" lon="6.368029">
        <ele>1989.814326</ele>
        <time>2026-01-24T21:44:47.020Z</time>
      </trkpt>
      <trkpt lat="44.801887" lon="6.367356">
        <ele>1995.306636</ele>
        <time>2026-01-24T21:45:35.654Z</time>
      </trkpt>
      <trkpt lat="44.801790" lon="6.367062">
        <ele>1997.462117</ele>
        <time>2026-01-24T21:45:55.449Z</time>
      </trkpt>
      <trkpt lat="44.801535" lon="6.366780">
        <ele>2000.499037</ele>
        <time>2026-01-24T21:46:24.625Z</time>
      </trkpt>
      <trkpt lat="44.801389" lon="6.366676">
        <ele>2002.031765</ele>
        <time>2026-01-24T21:46:39.994Z</time>
      </trkpt>
      <trkpt lat="44.801269" lon="6.366516">
        <ele>2003.579519</ele>
        <time>2026-01-24T21:46:55.692Z</time>
      </trkpt>
      <trkpt lat="44.801219" lon="6.366365">
        <ele>2005.099390</ele>
        <time>2026-01-24T21:47:07.079Z</time>
      </trkpt>
      <trkpt lat="44.801108" lon="6.366175">
        <ele>2007.575263</ele>
        <time>2026-01-24T21:47:24.302Z</time>
      </trkpt>
      <trkpt lat="44.801088" lon="6.366083">
        <ele>2008.543234</ele>
        <time>2026-01-24T21:47:31.064Z</time>
      </trkpt>
      <trkpt lat="44.801046" lon="6.366046">
        <ele>2009.245459</ele>
        <time>2026-01-24T21:47:36.094Z</time>
      </trkpt>
      <trkpt lat="44.801011" lon="6.365739">
        <ele>2012.373453</ele>
        <time>2026-01-24T21:47:58.472Z</time>
      </trkpt>
      <trkpt lat="44.800863" lon="6.365692">
        <ele>2014.524359</ele>
        <time>2026-01-24T21:48:14.265Z</time>
      </trkpt>
      <trkpt lat="44.800811" lon="6.365706">
        <ele>2015.274930</ele>
        <time>2026-01-24T21:48:18.975Z</time>
      </trkpt>
      <trkpt lat="44.800692" lon="6.365732">
        <ele>2016.982227</ele>
        <time>2026-01-24T21:48:31.812Z</time>
      </trkpt>
      <trkpt lat="44.800590" lon="6.365917">
        <ele>2019.339117</ele>
        <time>2026-01-24T21:48:49.805Z</time>
      </trkpt>
      <trkpt lat="44.800241" lon="6.366131">
        <ele>2024.735179</ele>
        <time>2026-01-24T21:49:33.457Z</time>
      </trkpt>
      <trkpt lat="44.800207" lon="6.366176">
        <ele>2025.396467</ele>
        <time>2026-01-24T21:49:38.998Z</time>
      </trkpt>
      <trkpt lat="44.800032" lon="6.366212">
        <ele>2027.903853</ele>
        <time>2026-01-24T21:50:00.138Z</time>
      </trkpt>
      <trkpt lat="44.799927" lon="6.366180">
        <ele>2029.436487</ele>
        <time>2026-01-24T21:50:13.317Z</time>
      </trkpt>
      <trkpt lat="44.799844" lon="6.366207">
        <ele>2030.919251</ele>
        <time>2026-01-24T21:50:23.781Z</time>
      </trkpt>
      <trkpt lat="44.799711" lon="6.366367">
        <ele>2033.963149</ele>
        <time>2026-01-24T21:50:45.599Z</time>
      </trkpt>
      <trkpt lat="44.799609" lon="6.366568">
        <ele>2037.015362</ele>
        <time>2026-01-24T21:51:08.326Z</time>
      </trkpt>
      <trkpt lat="44.799505" lon="6.366588">
        <ele>2038.842460</ele>
        <time>2026-01-24T21:51:22.383Z</time>
      </trkpt>
      <trkpt lat="44.799392" lon="6.366827">
        <ele>2042.389779</ele>
        <time>2026-01-24T21:51:49.432Z</time>
      </trkpt>
      <trkpt lat="44.799231" lon="6.366508">
        <ele>2047.224958</ele>
        <time>2026-01-24T21:52:25.915Z</time>
      </trkpt>
      <trkpt lat="44.799141" lon="6.366363">
        <ele>2049.604441</ele>
        <time>2026-01-24T21:52:43.610Z</time>
      </trkpt>
      <trkpt lat="44.799124" lon="6.366366">
        <ele>2049.902669</ele>
        <time>2026-01-24T21:52:45.791Z</time>
      </trkpt>
      <trkpt lat="44.799014" lon="6.366953">
        <ele>2057.401661</ele>
        <time>2026-01-24T21:53:38.727Z</time>
      </trkpt>
      <trkpt lat="44.798884" lon="6.366640">
        <ele>2061.527889</ele>
        <time>2026-01-24T21:54:07.633Z</time>
      </trkpt>
      <trkpt lat="44.798795" lon="6.366283">
        <ele>2064.810721</ele>
        <time>2026-01-24T21:54:36.078Z</time>
      </trkpt>
      <trkpt lat="44.798749" lon="6.366263">
        <ele>2065.399297</ele>
        <time>2026-01-24T21:54:41.021Z</time>
      </trkpt>
      <trkpt lat="44.798703" lon="6.366381">
        <ele>2066.567355</ele>
        <time>2026-01-24T21:54:50.836Z</time>
      </trkpt>
      <trkpt lat="44.798699" lon="6.366493">
        <ele>2067.540270</ele>
        <time>2026-01-24T21:54:58.857Z</time>
      </trkpt>
      <trkpt lat="44.798632" lon="6.366369">
        <ele>2068.892447</ele>
        <time>2026-01-24T21:55:09.925Z</time>
      </trkpt>
      <trkpt lat="44.798683" lon="6.366847">
        <ele>2073.086082</ele>
        <time>2026-01-24T21:55:43.123Z</time>
      </trkpt>
      <trkpt lat="44.798503" lon="6.366760">
        <ele>2075.412689</ele>
        <time>2026-01-24T21:56:00.857Z</time>
      </trkpt>
      <trkpt lat="44.798412" lon="6.366853">
        <ele>2076.787066</ele>
        <time>2026-01-24T21:56:11.515Z</time>
      </trkpt>
      <trkpt lat="44.798360" lon="6.366825">
        <ele>2077.467672</ele>
        <time>2026-01-24T21:56:16.825Z</time>
      </trkpt>
      <trkpt lat="44.798357" lon="6.366898">
        <ele>2078.102068</ele>
        <time>2026-01-24T21:56:21.805Z</time>
      </trkpt>
      <trkpt lat="44.798426" lon="6.367222">
        <ele>2081.036896</ele>
        <time>2026-01-24T21:56:44.950Z</time>
      </trkpt>
      <trkpt lat="44.798187" lon="6.366926">
        <ele>2084.512838</ele>
        <time>2026-01-24T21:57:15.924Z</time>
      </trkpt>
      <trkpt lat="44.798100" lon="6.366707">
        <ele>2086.288030</ele>
        <time>2026-01-24T21:57:33.432Z</time>
      </trkpt>
      <trkpt lat="44.798044" lon="6.366650">
        <ele>2086.976583</ele>
        <time>2026-01-24T21:57:40.207Z</time>
      </trkpt>
      <trkpt lat="44.797992" lon="6.366534">
        <ele>2087.947049</ele>
        <time>2026-01-24T21:57:49.775Z</time>
      </trkpt>
      <trkpt lat="44.797987" lon="6.366361">
        <ele>2089.171683</ele>
        <time>2026-01-24T21:58:01.919Z</time>
      </trkpt>
      <trkpt lat="44.797761" lon="6.366041">
        <ele>2092.364999</ele>
        <time>2026-01-24T21:58:33.120Z</time>
      </trkpt>
      <trkpt lat="44.797659" lon="6.366064">
        <ele>2093.394624</ele>
        <time>2026-01-24T21:58:42.734Z</time>
      </trkpt>
      <trkpt lat="44.797560" lon="6.366048">
        <ele>2094.387881</ele>
        <time>2026-01-24T21:58:51.912Z</time>
      </trkpt>
      <trkpt lat="44.797495" lon="6.365984">
        <ele>2095.178246</ele>
        <time>2026-01-24T21:58:59.109Z</time>
      </trkpt>
      <trkpt lat="44.797382" lon="6.365931">
        <ele>2096.365326</ele>
        <time>2026-01-24T21:59:09.597Z</time>
      </trkpt>
      <trkpt lat="44.797193" lon="6.366049">
        <ele>2098.425800</ele>
        <time>2026-01-24T21:59:27.271Z</time>
      </trkpt>
      <trkpt lat="44.796969" lon="6.365977">
        <ele>2100.672206</ele>
        <time>2026-01-24T21:59:45.772Z</time>
      </trkpt>
      <trkpt lat="44.796500" lon="6.365480">
        <ele>2104.038626</ele>
        <time>2026-01-24T22:00:29.329Z</time>
      </trkpt>
      <trkpt lat="44.796382" lon="6.365394">
        <ele>2104.800749</ele>
        <time>2026-01-24T22:00:38.782Z</time>
      </trkpt>
      <trkpt lat="44.796257" lon="6.365353">
        <ele>2105.537023</ele>
        <time>2026-01-24T22:00:47.871Z</time>
      </trkpt>
      <trkpt lat="44.796150" lon="6.365366">
        <ele>2106.153143</ele>
        <time>2026-01-24T22:00:55.324Z</time>
      </trkpt>
      <trkpt lat="44.795930" lon="6.365257">
        <ele>2107.490983</ele>
        <time>2026-01-24T22:01:11.602Z</time>
      </trkpt>
      <trkpt lat="44.795539" lon="6.365177">
        <ele>2109.757611</ele>
        <time>2026-01-24T22:01:39.040Z</time>
      </trkpt>
      <trkpt lat="44.795401" lon="6.365092">
        <ele>2110.621618</ele>
        <time>2026-01-24T22:01:49.492Z</time>
      </trkpt>
      <trkpt lat="44.795295" lon="6.365081">
        <ele>2111.283833</ele>
        <time>2026-01-24T22:01:56.864Z</time>
      </trkpt>
      <trkpt lat="44.795134" lon="6.364987">
        <ele>2112.458531</ele>
        <time>2026-01-24T22:02:09.001Z</time>
      </trkpt>
      <trkpt lat="44.794980" lon="6.364965">
        <ele>2113.501907</ele>
        <time>2026-01-24T22:02:19.885Z</time>
      </trkpt>
      <trkpt lat="44.794830" lon="6.365068">
        <ele>2114.626650</ele>
        <time>2026-01-24T22:02:31.735Z</time>
      </trkpt>
      <trkpt lat="44.794615" lon="6.364844">
        <ele>2116.428966</ele>
        <time>2026-01-24T22:02:51.177Z</time>
      </trkpt>
      <trkpt lat="44.794517" lon="6.364790">
        <ele>2117.138252</ele>
        <time>2026-01-24T22:02:58.969Z</time>
      </trkpt>
      <trkpt lat="44.794454" lon="6.364795">
        <ele>2117.563584</ele>
        <time>2026-01-24T22:03:03.728Z</time>
      </trkpt>
      <trkpt lat="44.794293" lon="6.364880">
        <ele>2118.722489</ele>
        <time>2026-01-24T22:03:16.876Z</time>
      </trkpt>
      <trkpt lat="44.794186" lon="6.364876">
        <ele>2119.443989</ele>
        <time>2026-01-24T22:03:25.275Z</time>
      </trkpt>
      <trkpt lat="44.794082" lon="6.364994">
        <ele>2120.344008</ele>
        <time>2026-01-24T22:03:35.992Z</time>
      </trkpt>
      <trkpt lat="44.793704" lon="6.364873">
        <ele>2122.956875</ele>
        <time>2026-01-24T22:04:08.404Z</time>
      </trkpt>
      <trkpt lat="44.793565" lon="6.364917">
        <ele>2124.436988</ele>
        <time>2026-01-24T22:04:20.815Z</time>
      </trkpt>
      <trkpt lat="44.793382" lon="6.364863">
        <ele>2126.457569</ele>
        <time>2026-01-24T22:04:37.383Z</time>
      </trkpt>
      <trkpt lat="44.792993" lon="6.364889">
        <ele>2130.666227</ele>
        <time>2026-01-24T22:05:13.085Z</time>
      </trkpt>
      <trkpt lat="44.792911" lon="6.364987">
        <ele>2131.828206</ele>
        <time>2026-01-24T22:05:23.240Z</time>
      </trkpt>
      <trkpt lat="44.792796" lon="6.365028">
        <ele>2133.110175</ele>
        <time>2026-01-24T22:05:34.562Z</time>
      </trkpt>
      <trkpt lat="44.792579" lon="6.364961">
        <ele>2135.510933</ele>
        <time>2026-01-24T22:05:56.133Z</time>
      </trkpt>
      <trkpt lat="44.792329" lon="6.364751">
        <ele>2138.656311</ele>
        <time>2026-01-24T22:06:24.779Z</time>
      </trkpt>
      <trkpt lat="44.792020" lon="6.364611">
        <ele>2142.164053</ele>
        <time>2026-01-24T22:06:57.417Z</time>
      </trkpt>
      <trkpt lat="44.791856" lon="6.364470">
        <ele>2144.965499</ele>
        <time>2026-01-24T22:07:17.021Z</time>
      </trkpt>
      <trkpt lat="44.791753" lon="6.364250">
        <ele>2147.826119</ele>
        <time>2026-01-24T22:07:36.449Z</time>
      </trkpt>
      <trkpt lat="44.791708" lon="6.364233">
        <ele>2148.538652</ele>
        <time>2026-01-24T22:07:41.325Z</time>
      </trkpt>
      <trkpt lat="44.791772" lon="6.363958">
        <ele>2151.679817</ele>
        <time>2026-01-24T22:08:03.172Z</time>
      </trkpt>
      <trkpt lat="44.791746" lon="6.363838">
        <ele>2153.041610</ele>
        <time>2026-01-24T22:08:12.849Z</time>
      </trkpt>
      <trkpt lat="44.791648" lon="6.363730">
        <ele>2154.944366</ele>
        <time>2026-01-24T22:08:26.544Z</time>
      </trkpt>
      <trkpt lat="44.791217" lon="6.363532">
        <ele>2161.877538</ele>
        <time>2026-01-24T22:09:18.546Z</time>
      </trkpt>
      <trkpt lat="44.791004" lon="6.363401">
        <ele>2165.431931</ele>
        <time>2026-01-24T22:09:46.595Z</time>
      </trkpt>
      <trkpt lat="44.790499" lon="6.363301">
        <ele>2173.982477</ele>
        <time>2026-01-24T22:10:51.028Z</time>
      </trkpt>
      <trkpt lat="44.790265" lon="6.363104">
        <ele>2179.121117</ele>
        <time>2026-01-24T22:11:26.273Z</time>
      </trkpt>
      <trkpt lat="44.789817" lon="6.363146">
        <ele>2187.585274</ele>
        <time>2026-01-24T22:12:25.166Z</time>
      </trkpt>
      <trkpt lat="44.789695" lon="6.363104">
        <ele>2189.952810</ele>
        <time>2026-01-24T22:12:41.635Z</time>
      </trkpt>
      <trkpt lat="44.789682" lon="6.363070">
        <ele>2190.469508</ele>
        <time>2026-01-24T22:12:45.270Z</time>
      </trkpt>
      <trkpt lat="44.789775" lon="6.362861">
        <ele>2193.769861</ele>
        <time>2026-01-24T22:13:08.163Z</time>
      </trkpt>
      <trkpt lat="44.789919" lon="6.362602">
        <ele>2198.171705</ele>
        <time>2026-01-24T22:13:38.530Z</time>
      </trkpt>
      <trkpt lat="44.789938" lon="6.362380">
        <ele>2201.163324</ele>
        <time>2026-01-24T22:13:59.255Z</time>
      </trkpt>
      <trkpt lat="44.789884" lon="6.362457">
        <ele>2202.611612</ele>
        <time>2026-01-24T22:14:09.308Z</time>
      </trkpt>
      <trkpt lat="44.789792" lon="6.362485">
        <ele>2204.449685</ele>
        <time>2026-01-24T22:14:21.677Z</time>
      </trkpt>
      <trkpt lat="44.789452" lon="6.362375">
        <ele>2211.904873</ele>
        <time>2026-01-24T22:15:08.782Z</time>
      </trkpt>
      <trkpt lat="44.789375" lon="6.362443">
        <ele>2213.846924</ele>
        <time>2026-01-24T22:15:21.465Z</time>
      </trkpt>
      <trkpt lat="44.789161" lon="6.362451">
        <ele>2218.421911</ele>
        <time>2026-01-24T22:15:51.994Z</time>
      </trkpt>
      <trkpt lat="44.789076" lon="6.362410">
        <ele>2220.341930</ele>
        <time>2026-01-24T22:16:05.680Z</time>
      </trkpt>
      <trkpt lat="44.789001" lon="6.362417">
        <ele>2221.948262</ele>
        <time>2026-01-24T22:16:17.202Z</time>
      </trkpt>
      <trkpt lat="44.788946" lon="6.362364">
        <ele>2223.372253</ele>
        <time>2026-01-24T22:16:27.566Z</time>
      </trkpt>
      <trkpt lat="44.788925" lon="6.362282">
        <ele>2224.694450</ele>
        <time>2026-01-24T22:16:37.181Z</time>
      </trkpt>
      <trkpt lat="44.789064" lon="6.362203">
        <ele>2227.897557</ele>
        <time>2026-01-24T22:16:59.824Z</time>
      </trkpt>
      <trkpt lat="44.789073" lon="6.362125">
        <ele>2229.096121</ele>
        <time>2026-01-24T22:17:08.179Z</time>
      </trkpt>
      <trkpt lat="44.789031" lon="6.362143">
        <ele>2230.034300</ele>
        <time>2026-01-24T22:17:14.899Z</time>
      </trkpt>
      <trkpt lat="44.788966" lon="6.362106">
        <ele>2231.532483</ele>
        <time>2026-01-24T22:17:25.763Z</time>
      </trkpt>
      <trkpt lat="44.788888" lon="6.362005">
        <ele>2233.796397</ele>
        <time>2026-01-24T22:17:41.753Z</time>
      </trkpt>
      <trkpt lat="44.788738" lon="6.362027">
        <ele>2237.019356</ele>
        <time>2026-01-24T22:18:04.713Z</time>
      </trkpt>
      <trkpt lat="44.788563" lon="6.361865">
        <ele>2241.494195</ele>
        <time>2026-01-24T22:18:37.124Z</time>
      </trkpt>
      <trkpt lat="44.788431" lon="6.361880">
        <ele>2243.947264</ele>
        <time>2026-01-24T22:18:57.588Z</time>
      </trkpt>
      <trkpt lat="44.788340" lon="6.361815">
        <ele>2245.711714</ele>
        <time>2026-01-24T22:19:13.176Z</time>
      </trkpt>
      <trkpt lat="44.788274" lon="6.361826">
        <ele>2246.861094</ele>
        <time>2026-01-24T22:19:23.611Z</time>
      </trkpt>
      <trkpt lat="44.788247" lon="6.361926">
        <ele>2248.174316</ele>
        <time>2026-01-24T22:19:34.989Z</time>
      </trkpt>
      <trkpt lat="44.788222" lon="6.362081">
        <ele>2250.125300</ele>
        <time>2026-01-24T22:19:52.233Z</time>
      </trkpt>
      <trkpt lat="44.788087" lon="6.362141">
        <ele>2252.573422</ele>
        <time>2026-01-24T22:20:13.467Z</time>
      </trkpt>
      <trkpt lat="44.787924" lon="6.362145">
        <ele>2255.392818</ele>
        <time>2026-01-24T22:20:36.514Z</time>
      </trkpt>
      <trkpt lat="44.787886" lon="6.362239">
        <ele>2256.720621</ele>
        <time>2026-01-24T22:20:47.050Z</time>
      </trkpt>
      <trkpt lat="44.787883" lon="6.362445">
        <ele>2259.249617</ele>
        <time>2026-01-24T22:21:06.276Z</time>
      </trkpt>
      <trkpt lat="44.787858" lon="6.362477">
        <ele>2259.833742</ele>
        <time>2026-01-24T22:21:10.578Z</time>
      </trkpt>
      <trkpt lat="44.787667" lon="6.362295">
        <ele>2263.821404</ele>
        <time>2026-01-24T22:21:37.717Z</time>
      </trkpt>
      <trkpt lat="44.787367" lon="6.361840">
        <ele>2271.444246</ele>
        <time>2026-01-24T22:22:23.003Z</time>
      </trkpt>
      <trkpt lat="44.787341" lon="6.361827">
        <ele>2271.921370</ele>
        <time>2026-01-24T22:22:25.583Z</time>
      </trkpt>
      <trkpt lat="44.787324" lon="6.361855">
        <ele>2272.373644</ele>
        <time>2026-01-24T22:22:28.069Z</time>
      </trkpt>
      <trkpt lat="44.787222" lon="6.362242">
        <ele>2275.071425</ele>
        <time>2026-01-24T22:22:53.886Z</time>
      </trkpt>
      <trkpt lat="44.787135" lon="6.362817">
        <ele>2277.999138</ele>
        <time>2026-01-24T22:23:25.904Z</time>
      </trkpt>
      <trkpt lat="44.787026" lon="6.363086">
        <ele>2279.541646</ele>
        <time>2026-01-24T22:23:41.668Z</time>
      </trkpt>
      <trkpt lat="44.786995" lon="6.363242">
        <ele>2280.348368</ele>
        <time>2026-01-24T22:23:49.756Z</time>
      </trkpt>
      <trkpt lat="44.787197" lon="6.363713">
        <ele>2283.088817</ele>
        <time>2026-01-24T22:24:16.927Z</time>
      </trkpt>
      <trkpt lat="44.787202" lon="6.363790">
        <ele>2283.473861</ele>
        <time>2026-01-24T22:24:20.679Z</time>
      </trkpt>
      <trkpt lat="44.787172" lon="6.363853">
        <ele>2283.851659</ele>
        <time>2026-01-24T22:24:24.452Z</time>
      </trkpt>
      <trkpt lat="44.787066" lon="6.363889">
        <ele>2284.616703</ele>
        <time>2026-01-24T22:24:32.067Z</time>
      </trkpt>
      <trkpt lat="44.786927" lon="6.363863">
        <ele>2285.600545</ele>
        <time>2026-01-24T22:24:42.009Z</time>
      </trkpt>
      <trkpt lat="44.786491" lon="6.363903">
        <ele>2289.949765</ele>
        <time>2026-01-24T22:25:15.404Z</time>
      </trkpt>
      <trkpt lat="44.786363" lon="6.363937">
        <ele>2291.316243</ele>
        <time>2026-01-24T22:25:26.168Z</time>
      </trkpt>
      <trkpt lat="44.786313" lon="6.363992">
        <ele>2291.981709</ele>
        <time>2026-01-24T22:25:31.560Z</time>
      </trkpt>
      <trkpt lat="44.786308" lon="6.363916">
        <ele>2292.550011</ele>
        <time>2026-01-24T22:25:36.245Z</time>
      </trkpt>
      <trkpt lat="44.786494" lon="6.363605">
        <ele>2295.578150</ele>
        <time>2026-01-24T22:26:02.288Z</time>
      </trkpt>
      <trkpt lat="44.786522" lon="6.363497">
        <ele>2296.434258</ele>
        <time>2026-01-24T22:26:09.959Z</time>
      </trkpt>
      <trkpt lat="44.785925" lon="6.363808">
        <ele>2303.111641</ele>
        <time>2026-01-24T22:27:14.245Z</time>
      </trkpt>
      <trkpt lat="44.785833" lon="6.363785">
        <ele>2304.091870</ele>
        <time>2026-01-24T22:27:24.177Z</time>
      </trkpt>
      <trkpt lat="44.785573" lon="6.363538">
        <ele>2309.389882</ele>
        <time>2026-01-24T22:27:58.911Z</time>
      </trkpt>
      <trkpt lat="44.785561" lon="6.363483">
        <ele>2310.171189</ele>
        <time>2026-01-24T22:28:03.636Z</time>
      </trkpt>
      <trkpt lat="44.785595" lon="6.363336">
        <ele>2312.270540</ele>
        <time>2026-01-24T22:28:16.729Z</time>
      </trkpt>
      <trkpt lat="44.785571" lon="6.363261">
        <ele>2313.387650</ele>
        <time>2026-01-24T22:28:23.804Z</time>
      </trkpt>
      <trkpt lat="44.785541" lon="6.363305">
        <ele>2314.216119</ele>
        <time>2026-01-24T22:28:29.185Z</time>
      </trkpt>
      <trkpt lat="44.785393" lon="6.363330">
        <ele>2317.067845</ele>
        <time>2026-01-24T22:28:47.709Z</time>
      </trkpt>
      <trkpt lat="44.785361" lon="6.363388">
        <ele>2318.065361</ele>
        <time>2026-01-24T22:28:54.325Z</time>
      </trkpt>
      <trkpt lat="44.785280" lon="6.363393">
        <ele>2319.616493</ele>
        <time>2026-01-24T22:29:04.676Z</time>
      </trkpt>
      <trkpt lat="44.785298" lon="6.363279">
        <ele>2321.202290</ele>
        <time>2026-01-24T22:29:15.499Z</time>
      </trkpt>
      <trkpt lat="44.785415" lon="6.363098">
        <ele>2324.526549</ele>
        <time>2026-01-24T22:29:39.127Z</time>
      </trkpt>
      <trkpt lat="44.785470" lon="6.362958">
        <ele>2326.699325</ele>
        <time>2026-01-24T22:29:54.948Z</time>
      </trkpt>
      <trkpt lat="44.785388" lon="6.362943">
        <ele>2328.281268</ele>
        <time>2026-01-24T22:30:06.715Z</time>
      </trkpt>
      <trkpt lat="44.785266" lon="6.363007">
        <ele>2330.771834</ele>
        <time>2026-01-24T22:30:25.585Z</time>
      </trkpt>
      <trkpt lat="44.785115" lon="6.363014">
        <ele>2333.662242</ele>
        <time>2026-01-24T22:30:48.094Z</time>
      </trkpt>
      <trkpt lat="44.784984" lon="6.363072">
        <ele>2336.289287</ele>
        <time>2026-01-24T22:31:09.095Z</time>
      </trkpt>
      <trkpt lat="44.785005" lon="6.362957">
        <ele>2337.901684</ele>
        <time>2026-01-24T22:31:21.911Z</time>
      </trkpt>
      <trkpt lat="44.785120" lon="6.362777">
        <ele>2341.505458</ele>
        <time>2026-01-24T22:31:48.755Z</time>
      </trkpt>
      <trkpt lat="44.784892" lon="6.362779">
        <ele>2346.616352</ele>
        <time>2026-01-24T22:32:25.747Z</time>
      </trkpt>
      <trkpt lat="44.784984" lon="6.362656">
        <ele>2349.459294</ele>
        <time>2026-01-24T22:32:46.534Z</time>
      </trkpt>
      <trkpt lat="44.785052" lon="6.362637">
        <ele>2351.013251</ele>
        <time>2026-01-24T22:32:57.767Z</time>
      </trkpt>
      <trkpt lat="44.785064" lon="6.362590">
        <ele>2351.807916</ele>
        <time>2026-01-24T22:33:03.572Z</time>
      </trkpt>
      <trkpt lat="44.784738" lon="6.362442">
        <ele>2359.485447</ele>
        <time>2026-01-24T22:34:00.178Z</time>
      </trkpt>
      <trkpt lat="44.784832" lon="6.362295">
        <ele>2362.633380</ele>
        <time>2026-01-24T22:34:22.791Z</time>
      </trkpt>
      <trkpt lat="44.784916" lon="6.362076">
        <ele>2366.593846</ele>
        <time>2026-01-24T22:34:50.730Z</time>
      </trkpt>
      <trkpt lat="44.784908" lon="6.361967">
        <ele>2368.337254</ele>
        <time>2026-01-24T22:35:02.761Z</time>
      </trkpt>
      <trkpt lat="44.784881" lon="6.362024">
        <ele>2369.427522</ele>
        <time>2026-01-24T22:35:10.054Z</time>
      </trkpt>
      <trkpt lat="44.784848" lon="6.362027">
        <ele>2370.168780</ele>
        <time>2026-01-24T22:35:15.146Z</time>
      </trkpt>
      <trkpt lat="44.784884" lon="6.361850">
        <ele>2373.098148</ele>
        <time>2026-01-24T22:35:33.818Z</time>
      </trkpt>
      <trkpt lat="44.785018" lon="6.361755">
        <ele>2376.460690</ele>
        <time>2026-01-24T22:35:54.472Z</time>
      </trkpt>
      <trkpt lat="44.784833" lon="6.361660">
        <ele>2380.571008</ele>
        <time>2026-01-24T22:36:20.519Z</time>
      </trkpt>
      <trkpt lat="44.784828" lon="6.361629">
        <ele>2380.949169</ele>
        <time>2026-01-24T22:36:23.445Z</time>
      </trkpt>
      <trkpt lat="44.785030" lon="6.361565">
        <ele>2384.419206</ele>
        <time>2026-01-24T22:36:48.742Z</time>
      </trkpt>
      <trkpt lat="44.784767" lon="6.361405">
        <ele>2389.220408</ele>
        <time>2026-01-24T22:37:22.307Z</time>
      </trkpt>
      <trkpt lat="44.784760" lon="6.361378">
        <ele>2389.562342</ele>
        <time>2026-01-24T22:37:24.690Z</time>
      </trkpt>
      <trkpt lat="44.784831" lon="6.361339">
        <ele>2390.839529</ele>
        <time>2026-01-24T22:37:33.276Z</time>
      </trkpt>
      <trkpt lat="44.784954" lon="6.361339">
        <ele>2392.900993</ele>
        <time>2026-01-24T22:37:47.030Z</time>
      </trkpt>
      <trkpt lat="44.785020" lon="6.361260">
        <ele>2394.352433</ele>
        <time>2026-01-24T22:37:56.924Z</time>
      </trkpt>
      <trkpt lat="44.785311" lon="6.361104">
        <ele>2399.570657</ele>
        <time>2026-01-24T22:38:32.073Z</time>
      </trkpt>
      <trkpt lat="44.785193" lon="6.360995">
        <ele>2401.935465</ele>
        <time>2026-01-24T22:38:47.939Z</time>
      </trkpt>
      <trkpt lat="44.785027" lon="6.360780">
        <ele>2405.714504</ele>
        <time>2026-01-24T22:39:13.942Z</time>
      </trkpt>
      <trkpt lat="44.785050" lon="6.360728">
        <ele>2406.443346</ele>
        <time>2026-01-24T22:39:19.125Z</time>
      </trkpt>
      <trkpt lat="44.785188" lon="6.360757">
        <ele>2408.781793</ele>
        <time>2026-01-24T22:39:35.363Z</time>
      </trkpt>
      <trkpt lat="44.785210" lon="6.360704">
        <ele>2409.512152</ele>
        <time>2026-01-24T22:39:40.514Z</time>
      </trkpt>
      <trkpt lat="44.785183" lon="6.360637">
        <ele>2410.450988</ele>
        <time>2026-01-24T22:39:46.891Z</time>
      </trkpt>
      <trkpt lat="44.785013" lon="6.360431">
        <ele>2414.346208</ele>
        <time>2026-01-24T22:40:13.835Z</time>
      </trkpt>
      <trkpt lat="44.784867" lon="6.360384">
        <ele>2416.947861</ele>
        <time>2026-01-24T22:40:32.201Z</time>
      </trkpt>
      <trkpt lat="44.784588" lon="6.360391">
        <ele>2421.795382</ele>
        <time>2026-01-24T22:41:07.635Z</time>
      </trkpt>
      <trkpt lat="44.784579" lon="6.360358">
        <ele>2422.231272</ele>
        <time>2026-01-24T22:41:11.010Z</time>
      </trkpt>
      <trkpt lat="44.784668" lon="6.360235">
        <ele>2424.397006</ele>
        <time>2026-01-24T22:41:27.266Z</time>
      </trkpt>
      <trkpt lat="44.784467" lon="6.360273">
        <ele>2427.920046</ele>
        <time>2026-01-24T22:41:53.825Z</time>
      </trkpt>
      <trkpt lat="44.784455" lon="6.360251">
        <ele>2428.262154</ele>
        <time>2026-01-24T22:41:56.375Z</time>
      </trkpt>
      <trkpt lat="44.784606" lon="6.360090">
        <ele>2431.551772</ele>
        <time>2026-01-24T22:42:20.828Z</time>
      </trkpt>
      <trkpt lat="44.784961" lon="6.360081">
        <ele>2437.719784</ele>
        <time>2026-01-24T22:43:05.388Z</time>
      </trkpt>
      <trkpt lat="44.784973" lon="6.360024">
        <ele>2438.452847</ele>
        <time>2026-01-24T22:43:10.449Z</time>
      </trkpt>
      <trkpt lat="44.784515" lon="6.359705">
        <ele>2446.266558</ele>
        <time>2026-01-24T22:44:07.412Z</time>
      </trkpt>
      <trkpt lat="44.784295" lon="6.359704">
        <ele>2449.440779</ele>
        <time>2026-01-24T22:44:31.501Z</time>
      </trkpt>
      <trkpt lat="44.784184" lon="6.359758">
        <ele>2451.135094</ele>
        <time>2026-01-24T22:44:44.338Z</time>
      </trkpt>
      <trkpt lat="44.784091" lon="6.359959">
        <ele>2453.592201</ele>
        <time>2026-01-24T22:45:02.984Z</time>
      </trkpt>
      <trkpt lat="44.783959" lon="6.360072">
        <ele>2455.820722</ele>
        <time>2026-01-24T22:45:19.779Z</time>
      </trkpt>
      <trkpt lat="44.783688" lon="6.360069">
        <ele>2459.730885</ele>
        <time>2026-01-24T22:45:48.759Z</time>
      </trkpt>
      <trkpt lat="44.783805" lon="6.359896">
        <ele>2462.178006</ele>
        <time>2026-01-24T22:46:06.838Z</time>
      </trkpt>
      <trkpt lat="44.783682" lon="6.359900">
        <ele>2463.953148</ele>
        <time>2026-01-24T22:46:19.845Z</time>
      </trkpt>
      <trkpt lat="44.783546" lon="6.359854">
        <ele>2465.971136</ele>
        <time>2026-01-24T22:46:34.546Z</time>
      </trkpt>
      <trkpt lat="44.783272" lon="6.359564">
        <ele>2470.144425</ele>
        <time>2026-01-24T22:47:09.745Z</time>
      </trkpt>
      <trkpt lat="44.783000" lon="6.359056">
        <ele>2475.372891</ele>
        <time>2026-01-24T22:47:56.525Z</time>
      </trkpt>
      <trkpt lat="44.782819" lon="6.358849">
        <ele>2478.071613</ele>
        <time>2026-01-24T22:48:21.119Z</time>
      </trkpt>
      <trkpt lat="44.782810" lon="6.358653">
        <ele>2479.685432</ele>
        <time>2026-01-24T22:48:35.554Z</time>
      </trkpt>
      <trkpt lat="44.782677" lon="6.358268">
        <ele>2483.203605</ele>
        <time>2026-01-24T22:49:05.947Z</time>
      </trkpt>
      <trkpt lat="44.782442" lon="6.358066">
        <ele>2486.390366</ele>
        <time>2026-01-24T22:49:31.015Z</time>
      </trkpt>
      <trkpt lat="44.782336" lon="6.358048">
        <ele>2487.626327</ele>
        <time>2026-01-24T22:49:39.983Z</time>
      </trkpt>
      <trkpt lat="44.782314" lon="6.358071">
        <ele>2487.893411</ele>
        <time>2026-01-24T22:49:42.219Z</time>
      </trkpt>
      <trkpt lat="44.782246" lon="6.358371">
        <ele>2489.283363</ele>
        <time>2026-01-24T22:49:59.695Z</time>
      </trkpt>
      <trkpt lat="44.782272" lon="6.358577">
        <ele>2490.206824</ele>
        <time>2026-01-24T22:50:10.437Z</time>
      </trkpt>
      <trkpt lat="44.782227" lon="6.359030">
        <ele>2492.225664</ele>
        <time>2026-01-24T22:50:31.660Z</time>
      </trkpt>
      <trkpt lat="44.782159" lon="6.359170">
        <ele>2492.974392</ele>
        <time>2026-01-24T22:50:38.893Z</time>
      </trkpt>
      <trkpt lat="44.782187" lon="6.360144">
        <ele>2497.276755</ele>
        <time>2026-01-24T22:51:25.459Z</time>
      </trkpt>
      <trkpt lat="44.782145" lon="6.360676">
        <ele>2500.400801</ele>
        <time>2026-01-24T22:51:56.577Z</time>
      </trkpt>
      <trkpt lat="44.781983" lon="6.360711">
        <ele>2502.672338</ele>
        <time>2026-01-24T22:52:19.102Z</time>
      </trkpt>
      <trkpt lat="44.781878" lon="6.360630">
        <ele>2504.331496</ele>
        <time>2026-01-24T22:52:36.219Z</time>
      </trkpt>
      <trkpt lat="44.781798" lon="6.360681">
        <ele>2505.548511</ele>
        <time>2026-01-24T22:52:49.266Z</time>
      </trkpt>
      <trkpt lat="44.781742" lon="6.360665">
        <ele>2506.340461</ele>
        <time>2026-01-24T22:52:57.757Z</time>
      </trkpt>
      <trkpt lat="44.781644" lon="6.360444">
        <ele>2508.903987</ele>
        <time>2026-01-24T22:53:26.369Z</time>
      </trkpt>
      <trkpt lat="44.781562" lon="6.360350">
        <ele>2510.369179</ele>
        <time>2026-01-24T22:53:43.187Z</time>
      </trkpt>
      <trkpt lat="44.781542" lon="6.360265">
        <ele>2511.250128</ele>
        <time>2026-01-24T22:53:53.558Z</time>
      </trkpt>
      <trkpt lat="44.781424" lon="6.360141">
        <ele>2513.290425</ele>
        <time>2026-01-24T22:54:18.178Z</time>
      </trkpt>
      <trkpt lat="44.781347" lon="6.360018">
        <ele>2514.903842</ele>
        <time>2026-01-24T22:54:38.387Z</time>
      </trkpt>
      <trkpt lat="44.781275" lon="6.360041">
        <ele>2515.927080</ele>
        <time>2026-01-24T22:54:51.688Z</time>
      </trkpt>
      <trkpt lat="44.781193" lon="6.360194">
        <ele>2517.813130</ele>
        <time>2026-01-24T22:55:16.111Z</time>
      </trkpt>
      <trkpt lat="44.781117" lon="6.360126">
        <ele>2519.060949</ele>
        <time>2026-01-24T22:55:31.523Z</time>
      </trkpt>
      <trkpt lat="44.780936" lon="6.360078">
        <ele>2521.613632</ele>
        <time>2026-01-24T22:56:02.810Z</time>
      </trkpt>
      <trkpt lat="44.780798" lon="6.360129">
        <ele>2523.590999</ele>
        <time>2026-01-24T22:56:26.303Z</time>
      </trkpt>
      <trkpt lat="44.780665" lon="6.360140">
        <ele>2526.147582</ele>
        <time>2026-01-24T22:56:47.809Z</time>
      </trkpt>
      <trkpt lat="44.780562" lon="6.360206">
        <ele>2528.463691</ele>
        <time>2026-01-24T22:57:06.064Z</time>
      </trkpt>
      <trkpt lat="44.780439" lon="6.360120">
        <ele>2531.274353</ele>
        <time>2026-01-24T22:57:28.355Z</time>
      </trkpt>
      <trkpt lat="44.780359" lon="6.360098">
        <ele>2532.942759</ele>
        <time>2026-01-24T22:57:41.845Z</time>
      </trkpt>
      <trkpt lat="44.780016" lon="6.360035">
        <ele>2540.022960</ele>
        <time>2026-01-24T22:58:39.785Z</time>
      </trkpt>
      <trkpt lat="44.779813" lon="6.360066">
        <ele>2544.202459</ele>
        <time>2026-01-24T22:59:16.431Z</time>
      </trkpt>
      <trkpt lat="44.779655" lon="6.360023">
        <ele>2547.496315</ele>
        <time>2026-01-24T22:59:47.759Z</time>
      </trkpt>
      <trkpt lat="44.779550" lon="6.359941">
        <ele>2549.953664</ele>
        <time>2026-01-24T23:00:13.034Z</time>
      </trkpt>
      <trkpt lat="44.779409" lon="6.360034">
        <ele>2553.140407</ele>
        <time>2026-01-24T23:00:47.712Z</time>
      </trkpt>
      <trkpt lat="44.779375" lon="6.360029">
        <ele>2553.840126</ele>
        <time>2026-01-24T23:00:55.424Z</time>
      </trkpt>
      <trkpt lat="44.779279" lon="6.359805">
        <ele>2557.641878</ele>
        <time>2026-01-24T23:01:40.305Z</time>
      </trkpt>
      <trkpt lat="44.779125" lon="6.359751">
        <ele>2560.944994</ele>
        <time>2026-01-24T23:02:21.771Z</time>
      </trkpt>
      <trkpt lat="44.778954" lon="6.359578">
        <ele>2567.129887</ele>
        <time>2026-01-24T23:03:21.535Z</time>
      </trkpt>
      <trkpt lat="44.778520" lon="6.359311">
        <ele>2581.042832</ele>
        <time>2026-01-24T23:05:47.712Z</time>
      </trkpt>
      <trkpt lat="44.778345" lon="6.359247">
        <ele>2586.354459</ele>
        <time>2026-01-24T23:06:44.034Z</time>
      </trkpt>
      <trkpt lat="44.778245" lon="6.359161">
        <ele>2589.796449</ele>
        <time>2026-01-24T23:07:19.592Z</time>
      </trkpt>
      <trkpt lat="44.778071" lon="6.359118">
        <ele>2594.986343</ele>
        <time>2026-01-24T23:08:11.662Z</time>
      </trkpt>
      <trkpt lat="44.777996" lon="6.359039">
        <ele>2597.737527</ele>
        <time>2026-01-24T23:08:38.277Z</time>
      </trkpt>
      <trkpt lat="44.777704" lon="6.358864">
        <ele>2607.060025</ele>
        <time>2026-01-24T23:10:03.725Z</time>
      </trkpt>
      <trkpt lat="44.777644" lon="6.358932">
        <ele>2609.322340</ele>
        <time>2026-01-24T23:10:23.688Z</time>
      </trkpt>
      <trkpt lat="44.777523" lon="6.358911">
        <ele>2612.903999</ele>
        <time>2026-01-24T23:10:54.185Z</time>
      </trkpt>
      <trkpt lat="44.777371" lon="6.359173">
        <ele>2618.696633</ele>
        <time>2026-01-24T23:11:51.384Z</time>
      </trkpt>
      <trkpt lat="44.777053" lon="6.359295">
        <ele>2626.453528</ele>
        <time>2026-01-24T23:13:05.717Z</time>
      </trkpt>
      <trkpt lat="44.776989" lon="6.359382">
        <ele>2628.546736</ele>
        <time>2026-01-24T23:13:24.321Z</time>
      </trkpt>
      <trkpt lat="44.776681" lon="6.359592">
        <ele>2636.600100</ele>
        <time>2026-01-24T23:14:33.252Z</time>
      </trkpt>
      <trkpt lat="44.776650" lon="6.359660">
        <ele>2637.950277</ele>
        <time>2026-01-24T23:14:44.798Z</time>
      </trkpt>
      <trkpt lat="44.776557" lon="6.359665">
        <ele>2640.140681</ele>
        <time>2026-01-24T23:15:02.873Z</time>
      </trkpt>
      <trkpt lat="44.776432" lon="6.359743">
        <ele>2643.358328</ele>
        <time>2026-01-24T23:15:31.017Z</time>
      </trkpt>
      <trkpt lat="44.776099" lon="6.360010">
        <ele>2652.376238</ele>
        <time>2026-01-24T23:16:57.468Z</time>
      </trkpt>
      <trkpt lat="44.775849" lon="6.360112">
        <ele>2658.604905</ele>
        <time>2026-01-24T23:17:59.638Z</time>
      </trkpt>
      <trkpt lat="44.775683" lon="6.360100">
        <ele>2662.674037</ele>
        <time>2026-01-24T23:18:40.956Z</time>
      </trkpt>
      <trkpt lat="44.775612" lon="6.360136">
        <ele>2664.521323</ele>
        <time>2026-01-24T23:19:00.337Z</time>
      </trkpt>
      <trkpt lat="44.775570" lon="6.360193">
        <ele>2665.949033</ele>
        <time>2026-01-24T23:19:15.226Z</time>
      </trkpt>
      <trkpt lat="44.775553" lon="6.360139">
        <ele>2666.975593</ele>
        <time>2026-01-24T23:19:26.193Z</time>
      </trkpt>
      <trkpt lat="44.775431" lon="6.360333">
        <ele>2671.479594</ele>
        <time>2026-01-24T23:20:14.242Z</time>
      </trkpt>
      <trkpt lat="44.775240" lon="6.360466">
        <ele>2676.695453</ele>
        <time>2026-01-24T23:21:08.781Z</time>
      </trkpt>
      <trkpt lat="44.774982" lon="6.360738">
        <ele>2684.584386</ele>
        <time>2026-01-24T23:22:28.219Z</time>
      </trkpt>
      <trkpt lat="44.774886" lon="6.360943">
        <ele>2688.852278</ele>
        <time>2026-01-24T23:23:10.391Z</time>
      </trkpt>
      <trkpt lat="44.774836" lon="6.361269">
        <ele>2694.648327</ele>
        <time>2026-01-24T23:24:05.421Z</time>
      </trkpt>
      <trkpt lat="44.774791" lon="6.361427">
        <ele>2697.606851</ele>
        <time>2026-01-24T23:24:31.898Z</time>
      </trkpt>
      <trkpt lat="44.774699" lon="6.361038">
        <ele>2702.412005</ele>
        <time>2026-01-24T23:25:27.990Z</time>
      </trkpt>
      <trkpt lat="44.774590" lon="6.361301">
        <ele>2705.125975</ele>
        <time>2026-01-24T23:26:05.149Z</time>
      </trkpt>
      <trkpt lat="44.774547" lon="6.361177">
        <ele>2706.355822</ele>
        <time>2026-01-24T23:26:21.193Z</time>
      </trkpt>
      <trkpt lat="44.774504" lon="6.361281">
        <ele>2707.428380</ele>
        <time>2026-01-24T23:26:34.695Z</time>
      </trkpt>
      <trkpt lat="44.774462" lon="6.361093">
        <ele>2709.184784</ele>
        <time>2026-01-24T23:26:55.886Z</time>
      </trkpt>
      <trkpt lat="44.774409" lon="6.361223">
        <ele>2710.520768</ele>
        <time>2026-01-24T23:27:11.534Z</time>
      </trkpt>
      <trkpt lat="44.774397" lon="6.361214">
        <ele>2710.691434</ele>
        <time>2026-01-24T23:27:13.530Z</time>
      </trkpt>
      <trkpt lat="44.774334" lon="6.360940">
        <ele>2713.258127</ele>
        <time>2026-01-24T23:27:41.876Z</time>
      </trkpt>
      <trkpt lat="44.774326" lon="6.360495">
        <ele>2717.225109</ele>
        <time>2026-01-24T23:28:22.918Z</time>
      </trkpt>
      <trkpt lat="44.774090" lon="6.359704">
        <ele>2722.432787</ele>
        <time>2026-01-24T23:29:32.288Z</time>
      </trkpt>
      <trkpt lat="44.774057" lon="6.359236">
        <ele>2722.222335</ele>
        <time>2026-01-24T23:30:02.551Z</time>
      </trkpt>
      <trkpt lat="44.773987" lon="6.358952">
        <ele>2722.087808</ele>
        <time>2026-01-24T23:30:20.753Z</time>
      </trkpt>
      <trkpt lat="44.773876" lon="6.358753">
        <ele>2721.974558</ele>
        <time>2026-01-24T23:30:35.203Z</time>
      </trkpt>
      <trkpt lat="44.773783" lon="6.358511">
        <ele>2721.851418</ele>
        <time>2026-01-24T23:30:50.559Z</time>
      </trkpt>
      <trkpt lat="44.773515" lon="6.358221">
        <ele>2721.638393</ele>
        <time>2026-01-24T23:31:15.853Z</time>
      </trkpt>
      <trkpt lat="44.773320" lon="6.357919">
        <ele>2721.455713</ele>
        <time>2026-01-24T23:31:36.772Z</time>
      </trkpt>
      <trkpt lat="44.773211" lon="6.357938">
        <ele>2721.094207</ele>
        <time>2026-01-24T23:31:44.574Z</time>
      </trkpt>
      <trkpt lat="44.773122" lon="6.357889">
        <ele>2720.429564</ele>
        <time>2026-01-24T23:31:51.249Z</time>
      </trkpt>
      <trkpt lat="44.773050" lon="6.357809">
        <ele>2719.791727</ele>
        <time>2026-01-24T23:31:57.696Z</time>
      </trkpt>
      <trkpt lat="44.772959" lon="6.357774">
        <ele>2719.135607</ele>
        <time>2026-01-24T23:32:04.059Z</time>
      </trkpt>
      <trkpt lat="44.772910" lon="6.357696">
        <ele>2718.621317</ele>
        <time>2026-01-24T23:32:09.160Z</time>
      </trkpt>
      <trkpt lat="44.772873" lon="6.357345">
        <ele>2716.869167</ele>
        <time>2026-01-24T23:32:26.175Z</time>
      </trkpt>
      <trkpt lat="44.772822" lon="6.357303">
        <ele>2716.458262</ele>
        <time>2026-01-24T23:32:30.209Z</time>
      </trkpt>
      <trkpt lat="44.772699" lon="6.357291">
        <ele>2715.600686</ele>
        <time>2026-01-24T23:32:38.700Z</time>
      </trkpt>
      <trkpt lat="44.772608" lon="6.357225">
        <ele>2714.888764</ele>
        <time>2026-01-24T23:32:45.683Z</time>
      </trkpt>
      <trkpt lat="44.772545" lon="6.357036">
        <ele>2713.857769</ele>
        <time>2026-01-24T23:32:55.899Z</time>
      </trkpt>
      <trkpt lat="44.772330" lon="6.357104">
        <ele>2712.325104</ele>
        <time>2026-01-24T23:33:11.310Z</time>
      </trkpt>
      <trkpt lat="44.772240" lon="6.357066">
        <ele>2711.671592</ele>
        <time>2026-01-24T23:33:17.929Z</time>
      </trkpt>
      <trkpt lat="44.772058" lon="6.356861">
        <ele>2710.050741</ele>
        <time>2026-01-24T23:33:34.537Z</time>
      </trkpt>
      <trkpt lat="44.771891" lon="6.356869">
        <ele>2708.899010</ele>
        <time>2026-01-24T23:33:46.467Z</time>
      </trkpt>
      <trkpt lat="44.771828" lon="6.356826">
        <ele>2708.719739</ele>
        <time>2026-01-24T23:33:51.478Z</time>
      </trkpt>
      <trkpt lat="44.771781" lon="6.356833">
        <ele>2708.598711</ele>
        <time>2026-01-24T23:33:54.867Z</time>
      </trkpt>
      <trkpt lat="44.771709" lon="6.356786">
        <ele>2708.395498</ele>
        <time>2026-01-24T23:34:00.622Z</time>
      </trkpt>
      <trkpt lat="44.771522" lon="6.356744">
        <ele>2707.910581</ele>
        <time>2026-01-24T23:34:14.345Z</time>
      </trkpt>
      <trkpt lat="44.771479" lon="6.356722">
        <ele>2707.793429</ele>
        <time>2026-01-24T23:34:17.711Z</time>
      </trkpt>
      <trkpt lat="44.771210" lon="6.356406">
        <ele>2706.896466</ele>
        <time>2026-01-24T23:34:43.122Z</time>
      </trkpt>
      <trkpt lat="44.771080" lon="6.356198">
        <ele>2706.392668</ele>
        <time>2026-01-24T23:34:57.743Z</time>
      </trkpt>
      <trkpt lat="44.770604" lon="6.356140">
        <ele>2705.169179</ele>
        <time>2026-01-24T23:35:35.914Z</time>
      </trkpt>
      <trkpt lat="44.770492" lon="6.356102">
        <ele>2704.874168</ele>
        <time>2026-01-24T23:35:45.917Z</time>
      </trkpt>
      <trkpt lat="44.770347" lon="6.356109">
        <ele>2704.502635</ele>
        <time>2026-01-24T23:35:58.603Z</time>
      </trkpt>
      <trkpt lat="44.770277" lon="6.356039">
        <ele>2704.314779</ele>
        <time>2026-01-24T23:36:06.269Z</time>
      </trkpt>
      <trkpt lat="44.770202" lon="6.355893">
        <ele>2704.626577</ele>
        <time>2026-01-24T23:36:17.911Z</time>
      </trkpt>
      <trkpt lat="44.770063" lon="6.355893">
        <ele>2704.965331</ele>
        <time>2026-01-24T23:36:30.929Z</time>
      </trkpt>
      <trkpt lat="44.769821" lon="6.355642">
        <ele>2705.697743</ele>
        <time>2026-01-24T23:36:59.967Z</time>
      </trkpt>
      <trkpt lat="44.769740" lon="6.355508">
        <ele>2706.002243</ele>
        <time>2026-01-24T23:37:12.343Z</time>
      </trkpt>
      <trkpt lat="44.769671" lon="6.355330">
        <ele>2706.353135</ele>
        <time>2026-01-24T23:37:26.362Z</time>
      </trkpt>
      <trkpt lat="44.769406" lon="6.354991">
        <ele>2707.225554</ele>
        <time>2026-01-24T23:38:00.850Z</time>
      </trkpt>
      <trkpt lat="44.769188" lon="6.354644">
        <ele>2708.027250</ele>
        <time>2026-01-24T23:38:31.374Z</time>
      </trkpt>
      <trkpt lat="44.768967" lon="6.354491">
        <ele>2708.627385</ele>
        <time>2026-01-24T23:38:52.728Z</time>
      </trkpt>
      <trkpt lat="44.768921" lon="6.354431">
        <ele>2708.404961</ele>
        <time>2026-01-24T23:38:57.924Z</time>
      </trkpt>
      <trkpt lat="44.768911" lon="6.354352">
        <ele>2708.009783</ele>
        <time>2026-01-24T23:39:02.586Z</time>
      </trkpt>
      <trkpt lat="44.768867" lon="6.354269">
        <ele>2707.499665</ele>
        <time>2026-01-24T23:39:08.487Z</time>
      </trkpt>
      <trkpt lat="44.768788" lon="6.354185">
        <ele>2706.813075</ele>
        <time>2026-01-24T23:39:16.432Z</time>
      </trkpt>
      <trkpt lat="44.768458" lon="6.353973">
        <ele>2704.297184</ele>
        <time>2026-01-24T23:39:44.285Z</time>
      </trkpt>
      <trkpt lat="44.768440" lon="6.352751">
        <ele>2698.277990</ele>
        <time>2026-01-24T23:40:25.532Z</time>
      </trkpt>
      <trkpt lat="44.768328" lon="6.352922">
        <ele>2697.132254</ele>
        <time>2026-01-24T23:40:32.930Z</time>
      </trkpt>
      <trkpt lat="44.768273" lon="6.353174">
        <ele>2695.317675</ele>
        <time>2026-01-24T23:40:41.262Z</time>
      </trkpt>
      <trkpt lat="44.768056" lon="6.353421">
        <ele>2690.699548</ele>
        <time>2026-01-24T23:40:53.633Z</time>
      </trkpt>
      <trkpt lat="44.768075" lon="6.353067">
        <ele>2686.527588</ele>
        <time>2026-01-24T23:41:04.780Z</time>
      </trkpt>
      <trkpt lat="44.768004" lon="6.352997">
        <ele>2685.093065</ele>
        <time>2026-01-24T23:41:08.600Z</time>
      </trkpt>
      <trkpt lat="44.767969" lon="6.352847">
        <ele>2683.237553</ele>
        <time>2026-01-24T23:41:13.579Z</time>
      </trkpt>
      <trkpt lat="44.768037" lon="6.352593">
        <ele>2680.047461</ele>
        <time>2026-01-24T23:41:22.089Z</time>
      </trkpt>
      <trkpt lat="44.768034" lon="6.352531">
        <ele>2679.317167</ele>
        <time>2026-01-24T23:41:24.037Z</time>
      </trkpt>
      <trkpt lat="44.767913" lon="6.351991">
        <ele>2672.662697</ele>
        <time>2026-01-24T23:41:41.825Z</time>
      </trkpt>
      <trkpt lat="44.767868" lon="6.351885">
        <ele>2671.211305</ele>
        <time>2026-01-24T23:41:45.709Z</time>
      </trkpt>
      <trkpt lat="44.767847" lon="6.351889">
        <ele>2670.860539</ele>
        <time>2026-01-24T23:41:46.628Z</time>
      </trkpt>
      <trkpt lat="44.767749" lon="6.352114">
        <ele>2667.758473</ele>
        <time>2026-01-24T23:41:54.930Z</time>
      </trkpt>
      <trkpt lat="44.767668" lon="6.352483">
        <ele>2662.933390</ele>
        <time>2026-01-24T23:42:07.068Z</time>
      </trkpt>
      <trkpt lat="44.767534" lon="6.352671">
        <ele>2659.524100</ele>
        <time>2026-01-24T23:42:15.459Z</time>
      </trkpt>
      <trkpt lat="44.767462" lon="6.352821">
        <ele>2657.206861</ele>
        <time>2026-01-24T23:42:21.163Z</time>
      </trkpt>
      <trkpt lat="44.767330" lon="6.352962">
        <ele>2654.220589</ele>
        <time>2026-01-24T23:42:28.502Z</time>
      </trkpt>
      <trkpt lat="44.767178" lon="6.352999">
        <ele>2651.440041</ele>
        <time>2026-01-24T23:42:35.348Z</time>
      </trkpt>
      <trkpt lat="44.767034" lon="6.352963">
        <ele>2648.803745</ele>
        <time>2026-01-24T23:42:41.784Z</time>
      </trkpt>
      <trkpt lat="44.766746" lon="6.353023">
        <ele>2643.555814</ele>
        <time>2026-01-24T23:42:54.662Z</time>
      </trkpt>
      <trkpt lat="44.766665" lon="6.353008">
        <ele>2642.083153</ele>
        <time>2026-01-24T23:42:58.257Z</time>
      </trkpt>
      <trkpt lat="44.766668" lon="6.352897">
        <ele>2640.661545</ele>
        <time>2026-01-24T23:43:01.741Z</time>
      </trkpt>
      <trkpt lat="44.766628" lon="6.352791">
        <ele>2639.125241</ele>
        <time>2026-01-24T23:43:05.511Z</time>
      </trkpt>
      <trkpt lat="44.766629" lon="6.352726">
        <ele>2638.293175</ele>
        <time>2026-01-24T23:43:07.546Z</time>
      </trkpt>
      <trkpt lat="44.766681" lon="6.352601">
        <ele>2636.439038</ele>
        <time>2026-01-24T23:43:12.093Z</time>
      </trkpt>
      <trkpt lat="44.766800" lon="6.352443">
        <ele>2633.445287</ele>
        <time>2026-01-24T23:43:19.262Z</time>
      </trkpt>
      <trkpt lat="44.766809" lon="6.352385">
        <ele>2632.618641</ele>
        <time>2026-01-24T23:43:21.118Z</time>
      </trkpt>
      <trkpt lat="44.766776" lon="6.352190">
        <ele>2629.827425</ele>
        <time>2026-01-24T23:43:27.394Z</time>
      </trkpt>
      <trkpt lat="44.766776" lon="6.352011">
        <ele>2627.335055</ele>
        <time>2026-01-24T23:43:32.992Z</time>
      </trkpt>
      <trkpt lat="44.766728" lon="6.351718">
        <ele>2623.148168</ele>
        <time>2026-01-24T23:43:42.394Z</time>
      </trkpt>
      <trkpt lat="44.766647" lon="6.351945">
        <ele>2619.610710</ele>
        <time>2026-01-24T23:43:50.341Z</time>
      </trkpt>
      <trkpt lat="44.766608" lon="6.351978">
        <ele>2618.718448</ele>
        <time>2026-01-24T23:43:52.349Z</time>
      </trkpt>
      <trkpt lat="44.766518" lon="6.351818">
        <ele>2615.876162</ele>
        <time>2026-01-24T23:43:58.712Z</time>
      </trkpt>
      <trkpt lat="44.766380" lon="6.351731">
        <ele>2612.911018</ele>
        <time>2026-01-24T23:44:05.376Z</time>
      </trkpt>
      <trkpt lat="44.766370" lon="6.351936">
        <ele>2610.049880</ele>
        <time>2026-01-24T23:44:11.797Z</time>
      </trkpt>
      <trkpt lat="44.766309" lon="6.352075">
        <ele>2607.774567</ele>
        <time>2026-01-24T23:44:16.885Z</time>
      </trkpt>
      <trkpt lat="44.766277" lon="6.352086">
        <ele>2607.128575</ele>
        <time>2026-01-24T23:44:18.344Z</time>
      </trkpt>
      <trkpt lat="44.766242" lon="6.352038">
        <ele>2606.170531</ele>
        <time>2026-01-24T23:44:20.477Z</time>
      </trkpt>
      <trkpt lat="44.766185" lon="6.352080">
        <ele>2604.908938</ele>
        <time>2026-01-24T23:44:23.336Z</time>
      </trkpt>
      <trkpt lat="44.766171" lon="6.351810">
        <ele>2601.139447</ele>
        <time>2026-01-24T23:44:31.822Z</time>
      </trkpt>
      <trkpt lat="44.766020" lon="6.351684">
        <ele>2597.733692</ele>
        <time>2026-01-24T23:44:39.592Z</time>
      </trkpt>
      <trkpt lat="44.766010" lon="6.351545">
        <ele>2595.856185</ele>
        <time>2026-01-24T23:44:43.958Z</time>
      </trkpt>
      <trkpt lat="44.765957" lon="6.351508">
        <ele>2594.736554</ele>
        <time>2026-01-24T23:44:46.561Z</time>
      </trkpt>
      <trkpt lat="44.765606" lon="6.351773">
        <ele>2587.198668</ele>
        <time>2026-01-24T23:45:04.109Z</time>
      </trkpt>
      <trkpt lat="44.765456" lon="6.351717">
        <ele>2584.261471</ele>
        <time>2026-01-24T23:45:10.903Z</time>
      </trkpt>
      <trkpt lat="44.765386" lon="6.351744">
        <ele>2582.887749</ele>
        <time>2026-01-24T23:45:14.105Z</time>
      </trkpt>
      <trkpt lat="44.765377" lon="6.351689">
        <ele>2582.129251</ele>
        <time>2026-01-24T23:45:15.848Z</time>
      </trkpt>
      <trkpt lat="44.765468" lon="6.351602">
        <ele>2580.047509</ele>
        <time>2026-01-24T23:45:20.711Z</time>
      </trkpt>
      <trkpt lat="44.765322" lon="6.351549">
        <ele>2577.193758</ele>
        <time>2026-01-24T23:45:27.389Z</time>
      </trkpt>
      <trkpt lat="44.765318" lon="6.351517">
        <ele>2576.757109</ele>
        <time>2026-01-24T23:45:28.391Z</time>
      </trkpt>
      <trkpt lat="44.765463" lon="6.351426">
        <ele>2573.752470</ele>
        <time>2026-01-24T23:45:35.417Z</time>
      </trkpt>
      <trkpt lat="44.765476" lon="6.351322">
        <ele>2572.333364</ele>
        <time>2026-01-24T23:45:38.720Z</time>
      </trkpt>
      <trkpt lat="44.765446" lon="6.351290">
        <ele>2571.621072</ele>
        <time>2026-01-24T23:45:40.369Z</time>
      </trkpt>
      <trkpt lat="44.765270" lon="6.351277">
        <ele>2568.285224</ele>
        <time>2026-01-24T23:45:48.181Z</time>
      </trkpt>
      <trkpt lat="44.765315" lon="6.351208">
        <ele>2567.026142</ele>
        <time>2026-01-24T23:45:51.114Z</time>
      </trkpt>
      <trkpt lat="44.765395" lon="6.351155">
        <ele>2565.352781</ele>
        <time>2026-01-24T23:45:55.054Z</time>
      </trkpt>
      <trkpt lat="44.765394" lon="6.351099">
        <ele>2564.590044</ele>
        <time>2026-01-24T23:45:56.815Z</time>
      </trkpt>
      <trkpt lat="44.765274" lon="6.351097">
        <ele>2562.077756</ele>
        <time>2026-01-24T23:46:02.133Z</time>
      </trkpt>
      <trkpt lat="44.765192" lon="6.351136">
        <ele>2560.265916</ele>
        <time>2026-01-24T23:46:05.974Z</time>
      </trkpt>
      <trkpt lat="44.765102" lon="6.351117">
        <ele>2558.360785</ele>
        <time>2026-01-24T23:46:09.982Z</time>
      </trkpt>
      <trkpt lat="44.764865" lon="6.351214">
        <ele>2553.194129</ele>
        <time>2026-01-24T23:46:20.935Z</time>
      </trkpt>
      <trkpt lat="44.764828" lon="6.351195">
        <ele>2552.369685</ele>
        <time>2026-01-24T23:46:22.652Z</time>
      </trkpt>
      <trkpt lat="44.764815" lon="6.351161">
        <ele>2551.795710</ele>
        <time>2026-01-24T23:46:23.864Z</time>
      </trkpt>
      <trkpt lat="44.764863" lon="6.351084">
        <ele>2550.272703</ele>
        <time>2026-01-24T23:46:27.074Z</time>
      </trkpt>
      <trkpt lat="44.765384" lon="6.350584">
        <ele>2537.074717</ele>
        <time>2026-01-24T23:46:54.839Z</time>
      </trkpt>
      <trkpt lat="44.765342" lon="6.350525">
        <ele>2535.832915</ele>
        <time>2026-01-24T23:46:57.453Z</time>
      </trkpt>
      <trkpt lat="44.764994" lon="6.350530">
        <ele>2528.547411</ele>
        <time>2026-01-24T23:47:13.148Z</time>
      </trkpt>
      <trkpt lat="44.764802" lon="6.350452">
        <ele>2523.741419</ele>
        <time>2026-01-24T23:47:22.619Z</time>
      </trkpt>
      <trkpt lat="44.764699" lon="6.350556">
        <ele>2520.470991</ele>
        <time>2026-01-24T23:47:28.731Z</time>
      </trkpt>
      <trkpt lat="44.764603" lon="6.350609">
        <ele>2517.810137</ele>
        <time>2026-01-24T23:47:33.746Z</time>
      </trkpt>
      <trkpt lat="44.764630" lon="6.350480">
        <ele>2515.346031</ele>
        <time>2026-01-24T23:47:38.386Z</time>
      </trkpt>
      <trkpt lat="44.764741" lon="6.350186">
        <ele>2509.245112</ele>
        <time>2026-01-24T23:47:49.886Z</time>
      </trkpt>
      <trkpt lat="44.764880" lon="6.350135">
        <ele>2505.538430</ele>
        <time>2026-01-24T23:47:56.838Z</time>
      </trkpt>
      <trkpt lat="44.764819" lon="6.350064">
        <ele>2503.496336</ele>
        <time>2026-01-24T23:48:00.673Z</time>
      </trkpt>
      <trkpt lat="44.764740" lon="6.350054">
        <ele>2501.449482</ele>
        <time>2026-01-24T23:48:04.418Z</time>
      </trkpt>
      <trkpt lat="44.764606" lon="6.350167">
        <ele>2497.419112</ele>
        <time>2026-01-24T23:48:11.783Z</time>
      </trkpt>
      <trkpt lat="44.764556" lon="6.350163">
        <ele>2496.126756</ele>
        <time>2026-01-24T23:48:14.129Z</time>
      </trkpt>
      <trkpt lat="44.764545" lon="6.350126">
        <ele>2495.391808</ele>
        <time>2026-01-24T23:48:15.446Z</time>
      </trkpt>
      <trkpt lat="44.764585" lon="6.349882">
        <ele>2490.803600</ele>
        <time>2026-01-24T23:48:23.442Z</time>
      </trkpt>
      <trkpt lat="44.764613" lon="6.349806">
        <ele>2489.234817</ele>
        <time>2026-01-24T23:48:26.122Z</time>
      </trkpt>
      <trkpt lat="44.764652" lon="6.349786">
        <ele>2488.163765</ele>
        <time>2026-01-24T23:48:27.946Z</time>
      </trkpt>
      <trkpt lat="44.764619" lon="6.349747">
        <ele>2487.052104</ele>
        <time>2026-01-24T23:48:29.827Z</time>
      </trkpt>
      <trkpt lat="44.764482" lon="6.349727">
        <ele>2483.497807</ele>
        <time>2026-01-24T23:48:35.904Z</time>
      </trkpt>
      <trkpt lat="44.764479" lon="6.349704">
        <ele>2483.069346</ele>
        <time>2026-01-24T23:48:36.623Z</time>
      </trkpt>
      <trkpt lat="44.764499" lon="6.349654">
        <ele>2482.017861</ele>
        <time>2026-01-24T23:48:38.411Z</time>
      </trkpt>
      <trkpt lat="44.764576" lon="6.349601">
        <ele>2479.882054</ele>
        <time>2026-01-24T23:48:42.165Z</time>
      </trkpt>
      <trkpt lat="44.765009" lon="6.349737">
        <ele>2469.493132</ele>
        <time>2026-01-24T23:49:01.738Z</time>
      </trkpt>
      <trkpt lat="44.765001" lon="6.349685">
        <ele>2468.608486</ele>
        <time>2026-01-24T23:49:03.403Z</time>
      </trkpt>
      <trkpt lat="44.765025" lon="6.349636">
        <ele>2467.618733</ele>
        <time>2026-01-24T23:49:05.257Z</time>
      </trkpt>
      <trkpt lat="44.765160" lon="6.349564">
        <ele>2464.238285</ele>
        <time>2026-01-24T23:49:11.621Z</time>
      </trkpt>
      <trkpt lat="44.764990" lon="6.349506">
        <ele>2460.142147</ele>
        <time>2026-01-24T23:49:19.322Z</time>
      </trkpt>
      <trkpt lat="44.764982" lon="6.349481">
        <ele>2459.686216</ele>
        <time>2026-01-24T23:49:20.164Z</time>
      </trkpt>
      <trkpt lat="44.765179" lon="6.349393">
        <ele>2454.846471</ele>
        <time>2026-01-24T23:49:29.228Z</time>
      </trkpt>
      <trkpt lat="44.764999" lon="6.349311">
        <ele>2450.416285</ele>
        <time>2026-01-24T23:49:37.701Z</time>
      </trkpt>
      <trkpt lat="44.764854" lon="6.349305">
        <ele>2447.019258</ele>
        <time>2026-01-24T23:49:44.366Z</time>
      </trkpt>
      <trkpt lat="44.764938" lon="6.349202">
        <ele>2444.411153</ele>
        <time>2026-01-24T23:49:49.562Z</time>
      </trkpt>
      <trkpt lat="44.765160" lon="6.349051">
        <ele>2438.637949</ele>
        <time>2026-01-24T23:50:01.369Z</time>
      </trkpt>
      <trkpt lat="44.764897" lon="6.348903">
        <ele>2430.901117</ele>
        <time>2026-01-24T23:50:15.357Z</time>
      </trkpt>
      <trkpt lat="44.764753" lon="6.348900">
        <ele>2426.955468</ele>
        <time>2026-01-24T23:50:22.518Z</time>
      </trkpt>
      <trkpt lat="44.764810" lon="6.348788">
        <ele>2424.274935</ele>
        <time>2026-01-24T23:50:27.408Z</time>
      </trkpt>
      <trkpt lat="44.764906" lon="6.348704">
        <ele>2421.178555</ele>
        <time>2026-01-24T23:50:33.061Z</time>
      </trkpt>
      <trkpt lat="44.764905" lon="6.348673">
        <ele>2420.574916</ele>
        <time>2026-01-24T23:50:34.166Z</time>
      </trkpt>
      <trkpt lat="44.764571" lon="6.348685">
        <ele>2411.421225</ele>
        <time>2026-01-24T23:50:50.516Z</time>
      </trkpt>
      <trkpt lat="44.764869" lon="6.348329">
        <ele>2400.715472</ele>
        <time>2026-01-24T23:51:08.753Z</time>
      </trkpt>
      <trkpt lat="44.764382" lon="6.348369">
        <ele>2387.612549</ele>
        <time>2026-01-24T23:51:30.309Z</time>
      </trkpt>
      <trkpt lat="44.764394" lon="6.348319">
        <ele>2386.729305</ele>
        <time>2026-01-24T23:51:31.939Z</time>
      </trkpt>
      <trkpt lat="44.764590" lon="6.348031">
        <ele>2380.053259</ele>
        <time>2026-01-24T23:51:44.400Z</time>
      </trkpt>
      <trkpt lat="44.764626" lon="6.347877">
        <ele>2377.340037</ele>
        <time>2026-01-24T23:51:49.474Z</time>
      </trkpt>
      <trkpt lat="44.764469" lon="6.348001">
        <ele>2373.097480</ele>
        <time>2026-01-24T23:51:57.401Z</time>
      </trkpt>
      <trkpt lat="44.764289" lon="6.348069">
        <ele>2368.704972</ele>
        <time>2026-01-24T23:52:05.588Z</time>
      </trkpt>
      <trkpt lat="44.764393" lon="6.347900">
        <ele>2364.962363</ele>
        <time>2026-01-24T23:52:12.547Z</time>
      </trkpt>
      <trkpt lat="44.764424" lon="6.347808">
        <ele>2363.258191</ele>
        <time>2026-01-24T23:52:15.712Z</time>
      </trkpt>
      <trkpt lat="44.764415" lon="6.347777">
        <ele>2362.697722</ele>
        <time>2026-01-24T23:52:16.757Z</time>
      </trkpt>
      <trkpt lat="44.764188" lon="6.347887">
        <ele>2357.039584</ele>
        <time>2026-01-24T23:52:27.418Z</time>
      </trkpt>
      <trkpt lat="44.764266" lon="6.347763">
        <ele>2354.267236</ele>
        <time>2026-01-24T23:52:32.732Z</time>
      </trkpt>
      <trkpt lat="44.764289" lon="6.347675">
        <ele>2352.697972</ele>
        <time>2026-01-24T23:52:35.768Z</time>
      </trkpt>
      <trkpt lat="44.764137" lon="6.347775">
        <ele>2348.743799</ele>
        <time>2026-01-24T23:52:43.561Z</time>
      </trkpt>
      <trkpt lat="44.764196" lon="6.347595">
        <ele>2345.061009</ele>
        <time>2026-01-24T23:52:50.234Z</time>
      </trkpt>
      <trkpt lat="44.764084" lon="6.347685">
        <ele>2341.233770</ele>
        <time>2026-01-24T23:52:56.472Z</time>
      </trkpt>
      <trkpt lat="44.764129" lon="6.347507">
        <ele>2337.251968</ele>
        <time>2026-01-24T23:53:03.069Z</time>
      </trkpt>
      <trkpt lat="44.764020" lon="6.347605">
        <ele>2333.413788</ele>
        <time>2026-01-24T23:53:09.567Z</time>
      </trkpt>
      <trkpt lat="44.764043" lon="6.347437">
        <ele>2329.808195</ele>
        <time>2026-01-24T23:53:15.793Z</time>
      </trkpt>
      <trkpt lat="44.764004" lon="6.347447">
        <ele>2328.631622</ele>
        <time>2026-01-24T23:53:17.831Z</time>
      </trkpt>
      <trkpt lat="44.763950" lon="6.347525">
        <ele>2326.335812</ele>
        <time>2026-01-24T23:53:21.833Z</time>
      </trkpt>
      <trkpt lat="44.763939" lon="6.347415">
        <ele>2323.994824</ele>
        <time>2026-01-24T23:53:25.919Z</time>
      </trkpt>
      <trkpt lat="44.763901" lon="6.347463">
        <ele>2322.479802</ele>
        <time>2026-01-24T23:53:28.553Z</time>
      </trkpt>
      <trkpt lat="44.763892" lon="6.347347">
        <ele>2320.020697</ele>
        <time>2026-01-24T23:53:32.802Z</time>
      </trkpt>
      <trkpt lat="44.763840" lon="6.347393">
        <ele>2318.198118</ele>
        <time>2026-01-24T23:53:35.928Z</time>
      </trkpt>
      <trkpt lat="44.763832" lon="6.347256">
        <ele>2315.301266</ele>
        <time>2026-01-24T23:53:40.880Z</time>
      </trkpt>
      <trkpt lat="44.763779" lon="6.347308">
        <ele>2313.384126</ele>
        <time>2026-01-24T23:53:44.146Z</time>
      </trkpt>
      <trkpt lat="44.763767" lon="6.347287">
        <ele>2312.816054</ele>
        <time>2026-01-24T23:53:45.106Z</time>
      </trkpt>
      <trkpt lat="44.763794" lon="6.347145">
        <ele>2309.718132</ele>
        <time>2026-01-24T23:53:50.353Z</time>
      </trkpt>
      <trkpt lat="44.763709" lon="6.347219">
        <ele>2306.752203</ele>
        <time>2026-01-24T23:53:55.303Z</time>
      </trkpt>
      <trkpt lat="44.763703" lon="6.347202">
        <ele>2306.352127</ele>
        <time>2026-01-24T23:53:55.978Z</time>
      </trkpt>
      <trkpt lat="44.763701" lon="6.347086">
        <ele>2303.906845</ele>
        <time>2026-01-24T23:54:00.030Z</time>
      </trkpt>
      <trkpt lat="44.763750" lon="6.347008">
        <ele>2301.712061</ele>
        <time>2026-01-24T23:54:03.623Z</time>
      </trkpt>
      <trkpt lat="44.763664" lon="6.347021">
        <ele>2299.144861</ele>
        <time>2026-01-24T23:54:07.739Z</time>
      </trkpt>
      <trkpt lat="44.763611" lon="6.347077">
        <ele>2297.178318</ele>
        <time>2026-01-24T23:54:10.851Z</time>
      </trkpt>
      <trkpt lat="44.763650" lon="6.346895">
        <ele>2293.274570</ele>
        <time>2026-01-24T23:54:17.041Z</time>
      </trkpt>
      <trkpt lat="44.763691" lon="6.346809">
        <ele>2291.899910</ele>
        <time>2026-01-24T23:54:20.354Z</time>
      </trkpt>
      <trkpt lat="44.763683" lon="6.346787">
        <ele>2291.571899</ele>
        <time>2026-01-24T23:54:21.121Z</time>
      </trkpt>
      <trkpt lat="44.763597" lon="6.346817">
        <ele>2289.915964</ele>
        <time>2026-01-24T23:54:25.035Z</time>
      </trkpt>
      <trkpt lat="44.763590" lon="6.346798">
        <ele>2289.631903</ele>
        <time>2026-01-24T23:54:25.702Z</time>
      </trkpt>
      <trkpt lat="44.763670" lon="6.346688">
        <ele>2287.542271</ele>
        <time>2026-01-24T23:54:30.602Z</time>
      </trkpt>
      <trkpt lat="44.763606" lon="6.346698">
        <ele>2286.338753</ele>
        <time>2026-01-24T23:54:33.444Z</time>
      </trkpt>
      <trkpt lat="44.763452" lon="6.346824">
        <ele>2283.010015</ele>
        <time>2026-01-24T23:54:41.278Z</time>
      </trkpt>
      <trkpt lat="44.763396" lon="6.346910">
        <ele>2281.461476</ele>
        <time>2026-01-24T23:54:44.949Z</time>
      </trkpt>
      <trkpt lat="44.763343" lon="6.347152">
        <ele>2278.100709</ele>
        <time>2026-01-24T23:54:52.943Z</time>
      </trkpt>
      <trkpt lat="44.763271" lon="6.347134">
        <ele>2276.733972</ele>
        <time>2026-01-24T23:54:56.182Z</time>
      </trkpt>
      <trkpt lat="44.763145" lon="6.346872">
        <ele>2272.534610</ele>
        <time>2026-01-24T23:55:06.185Z</time>
      </trkpt>
      <trkpt lat="44.763122" lon="6.346875">
        <ele>2272.102894</ele>
        <time>2026-01-24T23:55:07.190Z</time>
      </trkpt>
      <trkpt lat="44.762947" lon="6.347148">
        <ele>2267.221979</ele>
        <time>2026-01-24T23:55:18.805Z</time>
      </trkpt>
      <trkpt lat="44.762917" lon="6.347294">
        <ele>2265.204967</ele>
        <time>2026-01-24T23:55:23.623Z</time>
      </trkpt>
      <trkpt lat="44.762875" lon="6.347307">
        <ele>2264.401241</ele>
        <time>2026-01-24T23:55:25.541Z</time>
      </trkpt>
      <trkpt lat="44.762594" lon="6.347072">
        <ele>2258.167902</ele>
        <time>2026-01-24T23:55:40.041Z</time>
      </trkpt>
      <trkpt lat="44.762538" lon="6.347061">
        <ele>2257.025099</ele>
        <time>2026-01-24T23:55:42.572Z</time>
      </trkpt>
      <trkpt lat="44.762317" lon="6.347141">
        <ele>2252.413163</ele>
        <time>2026-01-24T23:55:52.645Z</time>
      </trkpt>
      <trkpt lat="44.762222" lon="6.347052">
        <ele>2250.107063</ele>
        <time>2026-01-24T23:55:57.654Z</time>
      </trkpt>
      <trkpt lat="44.762100" lon="6.346758">
        <ele>2245.220178</ele>
        <time>2026-01-24T23:56:08.298Z</time>
      </trkpt>
      <trkpt lat="44.762004" lon="6.346696">
        <ele>2243.085588</ele>
        <time>2026-01-24T23:56:12.932Z</time>
      </trkpt>
      <trkpt lat="44.761902" lon="6.346650">
        <ele>2240.920894</ele>
        <time>2026-01-24T23:56:17.648Z</time>
      </trkpt>
      <trkpt lat="44.761754" lon="6.346668">
        <ele>2237.918450</ele>
        <time>2026-01-24T23:56:24.124Z</time>
      </trkpt>
      <trkpt lat="44.761631" lon="6.346722">
        <ele>2235.314442</ele>
        <time>2026-01-24T23:56:29.830Z</time>
      </trkpt>
      <trkpt lat="44.761594" lon="6.346691">
        <ele>2234.444288</ele>
        <time>2026-01-24T23:56:31.703Z</time>
      </trkpt>
      <trkpt lat="44.761560" lon="6.346593">
        <ele>2232.878973</ele>
        <time>2026-01-24T23:56:35.123Z</time>
      </trkpt>
      <trkpt lat="44.761577" lon="6.346459">
        <ele>2230.925474</ele>
        <time>2026-01-24T23:56:39.389Z</time>
      </trkpt>
      <trkpt lat="44.761559" lon="6.346382">
        <ele>2229.762093</ele>
        <time>2026-01-24T23:56:41.926Z</time>
      </trkpt>
      <trkpt lat="44.761520" lon="6.346316">
        <ele>2228.529830</ele>
        <time>2026-01-24T23:56:44.587Z</time>
      </trkpt>
      <trkpt lat="44.761408" lon="6.346251">
        <ele>2226.081469</ele>
        <time>2026-01-24T23:56:49.907Z</time>
      </trkpt>
      <trkpt lat="44.761538" lon="6.346138">
        <ele>2222.970810</ele>
        <time>2026-01-24T23:56:56.634Z</time>
      </trkpt>
      <trkpt lat="44.761701" lon="6.346105">
        <ele>2219.484447</ele>
        <time>2026-01-24T23:57:03.831Z</time>
      </trkpt>
      <trkpt lat="44.761699" lon="6.346083">
        <ele>2219.151036</ele>
        <time>2026-01-24T23:57:04.523Z</time>
      </trkpt>
      <trkpt lat="44.761511" lon="6.345931">
        <ele>2214.561634</ele>
        <time>2026-01-24T23:57:14.050Z</time>
      </trkpt>
      <trkpt lat="44.761398" lon="6.345880">
        <ele>2212.049459</ele>
        <time>2026-01-24T23:57:19.250Z</time>
      </trkpt>
      <trkpt lat="44.761372" lon="6.345824">
        <ele>2211.043652</ele>
        <time>2026-01-24T23:57:21.321Z</time>
      </trkpt>
      <trkpt lat="44.761888" lon="6.345588">
        <ele>2199.557753</ele>
        <time>2026-01-24T23:57:45.159Z</time>
      </trkpt>
      <trkpt lat="44.761865" lon="6.345540">
        <ele>2198.687269</ele>
        <time>2026-01-24T23:57:46.995Z</time>
      </trkpt>
      <trkpt lat="44.761724" lon="6.345429">
        <ele>2195.267450</ele>
        <time>2026-01-24T23:57:54.048Z</time>
      </trkpt>
      <trkpt lat="44.761318" lon="6.345264">
        <ele>2186.321267</ele>
        <time>2026-01-24T23:58:12.632Z</time>
      </trkpt>
      <trkpt lat="44.761319" lon="6.345214">
        <ele>2185.569346</ele>
        <time>2026-01-24T23:58:14.211Z</time>
      </trkpt>
      <trkpt lat="44.761716" lon="6.344886">
        <ele>2175.775822</ele>
        <time>2026-01-24T23:58:34.423Z</time>
      </trkpt>
      <trkpt lat="44.762085" lon="6.344746">
        <ele>2167.643694</ele>
        <time>2026-01-24T23:58:51.207Z</time>
      </trkpt>
      <trkpt lat="44.762114" lon="6.344699">
        <ele>2166.702885</ele>
        <time>2026-01-24T23:58:53.170Z</time>
      </trkpt>
      <trkpt lat="44.761905" lon="6.344386">
        <ele>2160.210935</ele>
        <time>2026-01-24T23:59:06.560Z</time>
      </trkpt>
      <trkpt lat="44.761846" lon="6.344238">
        <ele>2157.646402</ele>
        <time>2026-01-24T23:59:11.843Z</time>
      </trkpt>
      <trkpt lat="44.761791" lon="6.344180">
        <ele>2156.184289</ele>
        <time>2026-01-24T23:59:14.870Z</time>
      </trkpt>
      <trkpt lat="44.761400" lon="6.343964">
        <ele>2147.246753</ele>
        <time>2026-01-24T23:59:33.267Z</time>
      </trkpt>
      <trkpt lat="44.761586" lon="6.343834">
        <ele>2143.438686</ele>
        <time>2026-01-24T23:59:42.397Z</time>
      </trkpt>
      <trkpt lat="44.761418" lon="6.343712">
        <ele>2139.988009</ele>
        <time>2026-01-24T23:59:50.716Z</time>
      </trkpt>
      <trkpt lat="44.761263" lon="6.343492">
        <ele>2135.970636</ele>
        <time>2026-01-25T00:00:00.399Z</time>
      </trkpt>
      <trkpt lat="44.761120" lon="6.343403">
        <ele>2133.116511</ele>
        <time>2026-01-25T00:00:07.300Z</time>
      </trkpt>
      <trkpt lat="44.761012" lon="6.343235">
        <ele>2130.178880</ele>
        <time>2026-01-25T00:00:14.436Z</time>
      </trkpt>
      <trkpt lat="44.760988" lon="6.343125">
        <ele>2128.687207</ele>
        <time>2026-01-25T00:00:18.039Z</time>
      </trkpt>
      <trkpt lat="44.761030" lon="6.343030">
        <ele>2127.236574</ele>
        <time>2026-01-25T00:00:21.531Z</time>
      </trkpt>
      <trkpt lat="44.761087" lon="6.342999">
        <ele>2126.121102</ele>
        <time>2026-01-25T00:00:24.235Z</time>
      </trkpt>
      <trkpt lat="44.761086" lon="6.342919">
        <ele>2125.083942</ele>
        <time>2026-01-25T00:00:26.739Z</time>
      </trkpt>
      <trkpt lat="44.760965" lon="6.342901">
        <ele>2122.862706</ele>
        <time>2026-01-25T00:00:32.152Z</time>
      </trkpt>
      <trkpt lat="44.760868" lon="6.342949">
        <ele>2120.985766</ele>
        <time>2026-01-25T00:00:36.676Z</time>
      </trkpt>
      <trkpt lat="44.760520" lon="6.343021">
        <ele>2114.564569</ele>
        <time>2026-01-25T00:00:52.304Z</time>
      </trkpt>
      <trkpt lat="44.760124" lon="6.342793">
        <ele>2107.664757</ele>
        <time>2026-01-25T00:01:11.347Z</time>
      </trkpt>
      <trkpt lat="44.760093" lon="6.342744">
        <ele>2106.916818</ele>
        <time>2026-01-25T00:01:13.400Z</time>
      </trkpt>
      <trkpt lat="44.760274" lon="6.342416">
        <ele>2102.182592</ele>
        <time>2026-01-25T00:01:26.520Z</time>
      </trkpt>
      <trkpt lat="44.760330" lon="6.342213">
        <ele>2099.700618</ele>
        <time>2026-01-25T00:01:33.390Z</time>
      </trkpt>
      <trkpt lat="44.760305" lon="6.342102">
        <ele>2098.373482</ele>
        <time>2026-01-25T00:01:37.079Z</time>
      </trkpt>
      <trkpt lat="44.760437" lon="6.342013">
        <ele>2096.024570</ele>
        <time>2026-01-25T00:01:43.591Z</time>
      </trkpt>
      <trkpt lat="44.760628" lon="6.341974">
        <ele>2092.926924</ele>
        <time>2026-01-25T00:01:52.176Z</time>
      </trkpt>
      <trkpt lat="44.760882" lon="6.341585">
        <ele>2086.904167</ele>
        <time>2026-01-25T00:02:08.787Z</time>
      </trkpt>
      <trkpt lat="44.761402" lon="6.341087">
        <ele>2076.671964</ele>
        <time>2026-01-25T00:02:36.585Z</time>
      </trkpt>
      <trkpt lat="44.761430" lon="6.340997">
        <ele>2075.534044</ele>
        <time>2026-01-25T00:02:39.677Z</time>
      </trkpt>
      <trkpt lat="44.761911" lon="6.340699">
        <ele>2066.963526</ele>
        <time>2026-01-25T00:03:02.979Z</time>
      </trkpt>
      <trkpt lat="44.761966" lon="6.340578">
        <ele>2065.299741</ele>
        <time>2026-01-25T00:03:07.509Z</time>
      </trkpt>
      <trkpt lat="44.761958" lon="6.340466">
        <ele>2063.996170</ele>
        <time>2026-01-25T00:03:11.071Z</time>
      </trkpt>
      <trkpt lat="44.761984" lon="6.340298">
        <ele>2062.004955</ele>
        <time>2026-01-25T00:03:16.506Z</time>
      </trkpt>
      <trkpt lat="44.762138" lon="6.340257">
        <ele>2059.448764</ele>
        <time>2026-01-25T00:03:23.496Z</time>
      </trkpt>
      <trkpt lat="44.762243" lon="6.340309">
        <ele>2057.633445</ele>
        <time>2026-01-25T00:03:28.438Z</time>
      </trkpt>
      <trkpt lat="44.762334" lon="6.340278">
        <ele>2056.106454</ele>
        <time>2026-01-25T00:03:32.594Z</time>
      </trkpt>
      <trkpt lat="44.762431" lon="6.340190">
        <ele>2054.050982</ele>
        <time>2026-01-25T00:03:37.708Z</time>
      </trkpt>
      <trkpt lat="44.762435" lon="6.340153">
        <ele>2053.577118</ele>
        <time>2026-01-25T00:03:38.886Z</time>
      </trkpt>
      <trkpt lat="44.762491" lon="6.340110">
        <ele>2052.439764</ele>
        <time>2026-01-25T00:03:41.720Z</time>
      </trkpt>
      <trkpt lat="44.762510" lon="6.340040">
        <ele>2051.490929</ele>
        <time>2026-01-25T00:03:44.098Z</time>
      </trkpt>
      <trkpt lat="44.762530" lon="6.340038">
        <ele>2051.133394</ele>
        <time>2026-01-25T00:03:44.992Z</time>
      </trkpt>
      <trkpt lat="44.762592" lon="6.340063">
        <ele>2049.983400</ele>
        <time>2026-01-25T00:03:47.875Z</time>
      </trkpt>
      <trkpt lat="44.762674" lon="6.340186">
        <ele>2047.847208</ele>
        <time>2026-01-25T00:03:53.171Z</time>
      </trkpt>
      <trkpt lat="44.762755" lon="6.340157">
        <ele>2046.356889</ele>
        <time>2026-01-25T00:03:56.892Z</time>
      </trkpt>
      <trkpt lat="44.762799" lon="6.340090">
        <ele>2045.201378</ele>
        <time>2026-01-25T00:03:59.785Z</time>
      </trkpt>
      <trkpt lat="44.762864" lon="6.340218">
        <ele>2043.208927</ele>
        <time>2026-01-25T00:04:04.754Z</time>
      </trkpt>
      <trkpt lat="44.763131" lon="6.340216">
        <ele>2038.447753</ele>
        <time>2026-01-25T00:04:16.586Z</time>
      </trkpt>
      <trkpt lat="44.763230" lon="6.340177">
        <ele>2036.614643</ele>
        <time>2026-01-25T00:04:21.130Z</time>
      </trkpt>
      <trkpt lat="44.763129" lon="6.340064">
        <ele>2034.314521</ele>
        <time>2026-01-25T00:04:26.828Z</time>
      </trkpt>
      <trkpt lat="44.763011" lon="6.339810">
        <ele>2030.471403</ele>
        <time>2026-01-25T00:04:36.350Z</time>
      </trkpt>
      <trkpt lat="44.763161" lon="6.339783">
        <ele>2027.774868</ele>
        <time>2026-01-25T00:04:43.026Z</time>
      </trkpt>
      <trkpt lat="44.763211" lon="6.339731">
        <ele>2026.666538</ele>
        <time>2026-01-25T00:04:45.747Z</time>
      </trkpt>
      <trkpt lat="44.763243" lon="6.339627">
        <ele>2025.231467</ele>
        <time>2026-01-25T00:04:49.271Z</time>
      </trkpt>
      <trkpt lat="44.763345" lon="6.339542">
        <ele>2023.013809</ele>
        <time>2026-01-25T00:04:54.487Z</time>
      </trkpt>
      <trkpt lat="44.763227" lon="6.339339">
        <ele>2019.304586</ele>
        <time>2026-01-25T00:05:02.662Z</time>
      </trkpt>
      <trkpt lat="44.763184" lon="6.339119">
        <ele>2016.078450</ele>
        <time>2026-01-25T00:05:09.797Z</time>
      </trkpt>
      <trkpt lat="44.763250" lon="6.339085">
        <ele>2014.679069</ele>
        <time>2026-01-25T00:05:12.934Z</time>
      </trkpt>
      <trkpt lat="44.763364" lon="6.338964">
        <ele>2011.836598</ele>
        <time>2026-01-25T00:05:19.232Z</time>
      </trkpt>
      <trkpt lat="44.763347" lon="6.338902">
        <ele>2010.896931</ele>
        <time>2026-01-25T00:05:21.319Z</time>
      </trkpt>
      <trkpt lat="44.763235" lon="6.338828">
        <ele>2008.433517</ele>
        <time>2026-01-25T00:05:26.774Z</time>
      </trkpt>
      <trkpt lat="44.763231" lon="6.338771">
        <ele>2007.623705</ele>
        <time>2026-01-25T00:05:28.587Z</time>
      </trkpt>
      <trkpt lat="44.763268" lon="6.338657">
        <ele>2005.851525</ele>
        <time>2026-01-25T00:05:32.462Z</time>
      </trkpt>
      <trkpt lat="44.763401" lon="6.338504">
        <ele>2002.432007</ele>
        <time>2026-01-25T00:05:39.997Z</time>
      </trkpt>
      <trkpt lat="44.763427" lon="6.338384">
        <ele>2000.658177</ele>
        <time>2026-01-25T00:05:43.927Z</time>
      </trkpt>
      <trkpt lat="44.763403" lon="6.338313">
        <ele>1999.546403</ele>
        <time>2026-01-25T00:05:46.398Z</time>
      </trkpt>
      <trkpt lat="44.763512" lon="6.338235">
        <ele>1997.111849</ele>
        <time>2026-01-25T00:05:51.791Z</time>
      </trkpt>
      <trkpt lat="44.763458" lon="6.338054">
        <ele>1994.336090</ele>
        <time>2026-01-25T00:05:57.948Z</time>
      </trkpt>
      <trkpt lat="44.763527" lon="6.338027">
        <ele>1992.910083</ele>
        <time>2026-01-25T00:06:01.106Z</time>
      </trkpt>
      <trkpt lat="44.763481" lon="6.337918">
        <ele>1991.117344</ele>
        <time>2026-01-25T00:06:05.087Z</time>
      </trkpt>
      <trkpt lat="44.763560" lon="6.337833">
        <ele>1989.137744</ele>
        <time>2026-01-25T00:06:09.502Z</time>
      </trkpt>
      <trkpt lat="44.763484" lon="6.337706">
        <ele>1987.161095</ele>
        <time>2026-01-25T00:06:14.753Z</time>
      </trkpt>
      <trkpt lat="44.763475" lon="6.337567">
        <ele>1985.708996</ele>
        <time>2026-01-25T00:06:19.156Z</time>
      </trkpt>
      <trkpt lat="44.763525" lon="6.337492">
        <ele>1984.638687</ele>
        <time>2026-01-25T00:06:22.391Z</time>
      </trkpt>
      <trkpt lat="44.763539" lon="6.337430">
        <ele>1983.961831</ele>
        <time>2026-01-25T00:06:24.469Z</time>
      </trkpt>
      <trkpt lat="44.763522" lon="6.337367">
        <ele>1983.260668</ele>
        <time>2026-01-25T00:06:26.595Z</time>
      </trkpt>
      <trkpt lat="44.763576" lon="6.337311">
        <ele>1982.278081</ele>
        <time>2026-01-25T00:06:29.574Z</time>
      </trkpt>
      <trkpt lat="44.763590" lon="6.337230">
        <ele>1981.410783</ele>
        <time>2026-01-25T00:06:32.220Z</time>
      </trkpt>
      <trkpt lat="44.763568" lon="6.337188">
        <ele>1980.867793</ele>
        <time>2026-01-25T00:06:33.881Z</time>
      </trkpt>
      <trkpt lat="44.763478" lon="6.337232">
        <ele>1979.471876</ele>
        <time>2026-01-25T00:06:38.116Z</time>
      </trkpt>
      <trkpt lat="44.763351" lon="6.337183">
        <ele>1977.542442</ele>
        <time>2026-01-25T00:06:44.003Z</time>
      </trkpt>
      <trkpt lat="44.763182" lon="6.337252">
        <ele>1974.964214</ele>
        <time>2026-01-25T00:06:51.906Z</time>
      </trkpt>
      <trkpt lat="44.763131" lon="6.337153">
        <ele>1973.691718</ele>
        <time>2026-01-25T00:06:55.794Z</time>
      </trkpt>
      <trkpt lat="44.763134" lon="6.337090">
        <ele>1973.034816</ele>
        <time>2026-01-25T00:06:57.781Z</time>
      </trkpt>
      <trkpt lat="44.763395" lon="6.336680">
        <ele>1967.305965</ele>
        <time>2026-01-25T00:07:15.294Z</time>
      </trkpt>
      <trkpt lat="44.763397" lon="6.336512">
        <ele>1965.557915</ele>
        <time>2026-01-25T00:07:20.608Z</time>
      </trkpt>
      <trkpt lat="44.763460" lon="6.336298">
        <ele>1963.147758</ele>
        <time>2026-01-25T00:07:27.914Z</time>
      </trkpt>
      <trkpt lat="44.763518" lon="6.336211">
        <ele>1961.906200</ele>
        <time>2026-01-25T00:07:31.693Z</time>
      </trkpt>
      <trkpt lat="44.763745" lon="6.336076">
        <ele>1956.611599</ele>
        <time>2026-01-25T00:07:42.577Z</time>
      </trkpt>
      <trkpt lat="44.763854" lon="6.335916">
        <ele>1953.209101</ele>
        <time>2026-01-25T00:07:49.531Z</time>
      </trkpt>
      <trkpt lat="44.763965" lon="6.335840">
        <ele>1950.541752</ele>
        <time>2026-01-25T00:07:54.923Z</time>
      </trkpt>
      <trkpt lat="44.763998" lon="6.335778">
        <ele>1949.352745</ele>
        <time>2026-01-25T00:07:57.336Z</time>
      </trkpt>
      <trkpt lat="44.764006" lon="6.335622">
        <ele>1946.952747</ele>
        <time>2026-01-25T00:08:02.248Z</time>
      </trkpt>
      <trkpt lat="44.764066" lon="6.335523">
        <ele>1944.955459</ele>
        <time>2026-01-25T00:08:06.394Z</time>
      </trkpt>
      <trkpt lat="44.764041" lon="6.335193">
        <ele>1939.862992</ele>
        <time>2026-01-25T00:08:17.069Z</time>
      </trkpt>
      <trkpt lat="44.764068" lon="6.334961">
        <ele>1936.255535</ele>
        <time>2026-01-25T00:08:24.626Z</time>
      </trkpt>
      <trkpt lat="44.764220" lon="6.334536">
        <ele>1928.953449</ele>
        <time>2026-01-25T00:08:39.844Z</time>
      </trkpt>
      <trkpt lat="44.764292" lon="6.334456">
        <ele>1926.971481</ele>
        <time>2026-01-25T00:08:43.952Z</time>
      </trkpt>
      <trkpt lat="44.764317" lon="6.334327">
        <ele>1924.919622</ele>
        <time>2026-01-25T00:08:48.218Z</time>
      </trkpt>
      <trkpt lat="44.764366" lon="6.334312">
        <ele>1923.835921</ele>
        <time>2026-01-25T00:08:50.438Z</time>
      </trkpt>
      <trkpt lat="44.764503" lon="6.334356">
        <ele>1921.205183</ele>
        <time>2026-01-25T00:08:56.666Z</time>
      </trkpt>
      <trkpt lat="44.764498" lon="6.334297">
        <ele>1920.463999</ele>
        <time>2026-01-25T00:08:58.536Z</time>
      </trkpt>
      <trkpt lat="44.764402" lon="6.334159">
        <ele>1918.054058</ele>
        <time>2026-01-25T00:09:04.555Z</time>
      </trkpt>
      <trkpt lat="44.764412" lon="6.333847">
        <ele>1914.158232</ele>
        <time>2026-01-25T00:09:14.308Z</time>
      </trkpt>
      <trkpt lat="44.764394" lon="6.333756">
        <ele>1912.979878</ele>
        <time>2026-01-25T00:09:17.244Z</time>
      </trkpt>
      <trkpt lat="44.764474" lon="6.333809">
        <ele>1911.426658</ele>
        <time>2026-01-25T00:09:21.126Z</time>
      </trkpt>
      <trkpt lat="44.764510" lon="6.333879">
        <ele>1910.348487</ele>
        <time>2026-01-25T00:09:23.816Z</time>
      </trkpt>
      <trkpt lat="44.764565" lon="6.333901">
        <ele>1909.343996</ele>
        <time>2026-01-25T00:09:26.358Z</time>
      </trkpt>
      <trkpt lat="44.764482" lon="6.333663">
        <ele>1906.036422</ele>
        <time>2026-01-25T00:09:34.687Z</time>
      </trkpt>
      <trkpt lat="44.764558" lon="6.333711">
        <ele>1904.573100</ele>
        <time>2026-01-25T00:09:38.384Z</time>
      </trkpt>
      <trkpt lat="44.764609" lon="6.333788">
        <ele>1903.259570</ele>
        <time>2026-01-25T00:09:41.691Z</time>
      </trkpt>
      <trkpt lat="44.764637" lon="6.333782">
        <ele>1902.761986</ele>
        <time>2026-01-25T00:09:42.961Z</time>
      </trkpt>
      <trkpt lat="44.764561" lon="6.333610">
        <ele>1900.234930</ele>
        <time>2026-01-25T00:09:49.355Z</time>
      </trkpt>
      <trkpt lat="44.764535" lon="6.333450">
        <ele>1898.187502</ele>
        <time>2026-01-25T00:09:54.571Z</time>
      </trkpt>
      <trkpt lat="44.764572" lon="6.333461">
        <ele>1897.523137</ele>
        <time>2026-01-25T00:09:56.282Z</time>
      </trkpt>
      <trkpt lat="44.764639" lon="6.333579">
        <ele>1895.638433</ele>
        <time>2026-01-25T00:10:01.044Z</time>
      </trkpt>
      <trkpt lat="44.764722" lon="6.333659">
        <ele>1893.871465</ele>
        <time>2026-01-25T00:10:05.527Z</time>
      </trkpt>
      <trkpt lat="44.764739" lon="6.333653">
        <ele>1893.563563</ele>
        <time>2026-01-25T00:10:06.353Z</time>
      </trkpt>
      <trkpt lat="44.764688" lon="6.333435">
        <ele>1890.828041</ele>
        <time>2026-01-25T00:10:13.667Z</time>
      </trkpt>
      <trkpt lat="44.764798" lon="6.333551">
        <ele>1888.873920</ele>
        <time>2026-01-25T00:10:19.818Z</time>
      </trkpt>
      <trkpt lat="44.764819" lon="6.333530">
        <ele>1888.507676</ele>
        <time>2026-01-25T00:10:20.978Z</time>
      </trkpt>
      <trkpt lat="44.764661" lon="6.333207">
        <ele>1884.547421</ele>
        <time>2026-01-25T00:10:33.448Z</time>
      </trkpt>
      <trkpt lat="44.764668" lon="6.333184">
        <ele>1884.294764</ele>
        <time>2026-01-25T00:10:34.222Z</time>
      </trkpt>
      <trkpt lat="44.764940" lon="6.333403">
        <ele>1879.839399</ele>
        <time>2026-01-25T00:10:48.248Z</time>
      </trkpt>
      <trkpt lat="44.764966" lon="6.333403">
        <ele>1879.469668</ele>
        <time>2026-01-25T00:10:49.391Z</time>
      </trkpt>
      <trkpt lat="44.764885" lon="6.333266">
        <ele>1877.669645</ele>
        <time>2026-01-25T00:10:55.042Z</time>
      </trkpt>
      <trkpt lat="44.764892" lon="6.333232">
        <ele>1877.312221</ele>
        <time>2026-01-25T00:10:56.171Z</time>
      </trkpt>
      <trkpt lat="44.765034" lon="6.333335">
        <ele>1875.040864</ele>
        <time>2026-01-25T00:11:03.307Z</time>
      </trkpt>
      <trkpt lat="44.764887" lon="6.333150">
        <ele>1872.237530</ele>
        <time>2026-01-25T00:11:12.109Z</time>
      </trkpt>
      <trkpt lat="44.764897" lon="6.333120">
        <ele>1871.902913</ele>
        <time>2026-01-25T00:11:13.149Z</time>
      </trkpt>
      <trkpt lat="44.764985" lon="6.333169">
        <ele>1870.557270</ele>
        <time>2026-01-25T00:11:17.359Z</time>
      </trkpt>
      <trkpt lat="44.765003" lon="6.333153">
        <ele>1870.254588</ele>
        <time>2026-01-25T00:11:18.302Z</time>
      </trkpt>
      <trkpt lat="44.764730" lon="6.332755">
        <ele>1864.366181</ele>
        <time>2026-01-25T00:11:35.790Z</time>
      </trkpt>
      <trkpt lat="44.764741" lon="6.332723">
        <ele>1863.911193</ele>
        <time>2026-01-25T00:11:36.890Z</time>
      </trkpt>
      <trkpt lat="44.764805" lon="6.332785">
        <ele>1862.511105</ele>
        <time>2026-01-25T00:11:40.337Z</time>
      </trkpt>
      <trkpt lat="44.764892" lon="6.332777">
        <ele>1860.939644</ele>
        <time>2026-01-25T00:11:44.206Z</time>
      </trkpt>
      <trkpt lat="44.764704" lon="6.332427">
        <ele>1855.323177</ele>
        <time>2026-01-25T00:11:57.986Z</time>
      </trkpt>
      <trkpt lat="44.764617" lon="6.332167">
        <ele>1851.644846</ele>
        <time>2026-01-25T00:12:07.009Z</time>
      </trkpt>
      <trkpt lat="44.764571" lon="6.331844">
        <ele>1847.428944</ele>
        <time>2026-01-25T00:12:17.335Z</time>
      </trkpt>
      <trkpt lat="44.764564" lon="6.331579">
        <ele>1844.035277</ele>
        <time>2026-01-25T00:12:25.636Z</time>
      </trkpt>
      <trkpt lat="44.764445" lon="6.331072">
        <ele>1837.201631</ele>
        <time>2026-01-25T00:12:42.335Z</time>
      </trkpt>
      <trkpt lat="44.764443" lon="6.330936">
        <ele>1835.460803</ele>
        <time>2026-01-25T00:12:46.608Z</time>
      </trkpt>
      <trkpt lat="44.764486" lon="6.330772">
        <ele>1833.250400</ele>
        <time>2026-01-25T00:12:52.078Z</time>
      </trkpt>
      <trkpt lat="44.764475" lon="6.330647">
        <ele>1831.928674</ele>
        <time>2026-01-25T00:12:56.011Z</time>
      </trkpt>
      <trkpt lat="44.764302" lon="6.330256">
        <ele>1827.094231</ele>
        <time>2026-01-25T00:13:10.422Z</time>
      </trkpt>
      <trkpt lat="44.764322" lon="6.330027">
        <ele>1824.673097</ele>
        <time>2026-01-25T00:13:17.649Z</time>
      </trkpt>
      <trkpt lat="44.764299" lon="6.329866">
        <ele>1822.949778</ele>
        <time>2026-01-25T00:13:22.800Z</time>
      </trkpt>
      <trkpt lat="44.764327" lon="6.329669">
        <ele>1820.841535</ele>
        <time>2026-01-25T00:13:29.123Z</time>
      </trkpt>
      <trkpt lat="44.764298" lon="6.329456">
        <ele>1818.565686</ele>
        <time>2026-01-25T00:13:35.983Z</time>
      </trkpt>
      <trkpt lat="44.764312" lon="6.329146">
        <ele>1815.306111</ele>
        <time>2026-01-25T00:13:45.809Z</time>
      </trkpt>
      <trkpt lat="44.764346" lon="6.328985">
        <ele>1813.543504</ele>
        <time>2026-01-25T00:13:51.165Z</time>
      </trkpt>
      <trkpt lat="44.764393" lon="6.328989">
        <ele>1812.847603</ele>
        <time>2026-01-25T00:13:53.305Z</time>
      </trkpt>
      <trkpt lat="44.764472" lon="6.328839">
        <ele>1810.887806</ele>
        <time>2026-01-25T00:13:59.243Z</time>
      </trkpt>
      <trkpt lat="44.764573" lon="6.328871">
        <ele>1809.357779</ele>
        <time>2026-01-25T00:14:02.641Z</time>
      </trkpt>
      <trkpt lat="44.764672" lon="6.328767">
        <ele>1807.532446</ele>
        <time>2026-01-25T00:14:06.709Z</time>
      </trkpt>
      <trkpt lat="44.764762" lon="6.328761">
        <ele>1806.790031</ele>
        <time>2026-01-25T00:14:09.719Z</time>
      </trkpt>
      <trkpt lat="44.764877" lon="6.328818">
        <ele>1806.790031</ele>
        <time>2026-01-25T00:14:13.878Z</time>
      </trkpt>
      <trkpt lat="44.764969" lon="6.328775">
        <ele>1806.790031</ele>
        <time>2026-01-25T00:14:17.218Z</time>
      </trkpt>
      <trkpt lat="44.764991" lon="6.328727">
        <ele>1806.790031</ele>
        <time>2026-01-25T00:14:18.629Z</time>
      </trkpt>
      <trkpt lat="44.765046" lon="6.328698">
        <ele>1806.790031</ele>
        <time>2026-01-25T00:14:20.682Z</time>
      </trkpt>
      <trkpt lat="44.765161" lon="6.328487">
        <ele>1806.790031</ele>
        <time>2026-01-25T00:14:27.471Z</time>
      </trkpt>
      <trkpt lat="44.765212" lon="6.328343">
        <ele>1806.790031</ele>
        <time>2026-01-25T00:14:31.648Z</time>
      </trkpt>
      <trkpt lat="44.765212" lon="6.327881">
        <ele>1806.790031</ele>
        <time>2026-01-25T00:14:44.206Z</time>
      </trkpt>
    </trkseg>
  </trk>
</gpx>