<?xml version='1.0' encoding='UTF-8'?>
<gpx version="1.1" creator="https://www.komoot.de" xmlns="http://www.topografix.com/GPX/1/1" xmlns:xsi="http://www.w3.org/2001/XMLSchema-instance" xsi:schemaLocation="http://www.topografix.com/GPX/1/1 http://www.topografix.com/GPX/1/1/gpx.xsd">
  <metadata>
    <name>de La Muzlle à La Danchère</name>
    <author>
      <link href="https://www.komoot.de">
        <text>komoot</text>
        <type>text/html</type>
      </link>
    </author>
  </metadata>
  <wpt lat="44.952985" lon="6.097464">
    <name>Refuge de la Muzelle</name>
    <sym>Drinking Water</sym>
  </wpt>
  <wpt lat="44.971996" lon="6.069006">
    <name>Lac du Lauvitel</name>
    <sym>Flag, Blue</sym>
  </wpt>
  <wpt lat="44.988777" lon="6.079044">
    <name>labyrinthe</name>
    <sym>Flag, Blue</sym>
  </wpt>
  <trk>
    <name>de La Muzlle à La Danchère</name>
    <type>jogging</type>
    <trkseg>
      <trkpt lat="44.953054" lon="6.097298">
        <ele>2104.847982</ele>
        <time>2026-01-24T19:36:58.380Z</time>
      </trkpt>
      <trkpt lat="44.952852" lon="6.097131">
        <ele>2104.847982</ele>
        <time>2026-01-24T19:37:08.252Z</time>
      </trkpt>
      <trkpt lat="44.952724" lon="6.097063">
        <ele>2104.847982</ele>
        <time>2026-01-24T19:37:13.992Z</time>
      </trkpt>
      <trkpt lat="44.952474" lon="6.096819">
        <ele>2104.847982</ele>
        <time>2026-01-24T19:37:26.751Z</time>
      </trkpt>
      <trkpt lat="44.951790" lon="6.095883">
        <ele>2104.483185</ele>
        <time>2026-01-24T19:38:07.913Z</time>
      </trkpt>
      <trkpt lat="44.951625" lon="6.095756">
        <ele>2104.388965</ele>
        <time>2026-01-24T19:38:16.750Z</time>
      </trkpt>
      <trkpt lat="44.951321" lon="6.095666">
        <ele>2104.233211</ele>
        <time>2026-01-24T19:38:31.946Z</time>
      </trkpt>
      <trkpt lat="44.951178" lon="6.095462">
        <ele>2104.131312</ele>
        <time>2026-01-24T19:38:42.606Z</time>
      </trkpt>
      <trkpt lat="44.951107" lon="6.095314">
        <ele>2104.067858</ele>
        <time>2026-01-24T19:38:49.607Z</time>
      </trkpt>
      <trkpt lat="44.951095" lon="6.095122">
        <ele>2103.999455</ele>
        <time>2026-01-24T19:38:57.463Z</time>
      </trkpt>
      <trkpt lat="44.951057" lon="6.095096">
        <ele>2103.978283</ele>
        <time>2026-01-24T19:38:59.922Z</time>
      </trkpt>
      <trkpt lat="44.950934" lon="6.095197">
        <ele>2104.780196</ele>
        <time>2026-01-24T19:39:08.570Z</time>
      </trkpt>
      <trkpt lat="44.950872" lon="6.095170">
        <ele>2105.474445</ele>
        <time>2026-01-24T19:39:13.283Z</time>
      </trkpt>
      <trkpt lat="44.950804" lon="6.095006">
        <ele>2106.913905</ele>
        <time>2026-01-24T19:39:23.421Z</time>
      </trkpt>
      <trkpt lat="44.950705" lon="6.094888">
        <ele>2108.299864</ele>
        <time>2026-01-24T19:39:33.581Z</time>
      </trkpt>
      <trkpt lat="44.950756" lon="6.094137">
        <ele>2114.013436</ele>
        <time>2026-01-24T19:40:19.425Z</time>
      </trkpt>
      <trkpt lat="44.950738" lon="6.093874">
        <ele>2116.014470</ele>
        <time>2026-01-24T19:40:37.366Z</time>
      </trkpt>
      <trkpt lat="44.950812" lon="6.093670">
        <ele>2117.750513</ele>
        <time>2026-01-24T19:40:53.652Z</time>
      </trkpt>
      <trkpt lat="44.951121" lon="6.093319">
        <ele>2121.993069</ele>
        <time>2026-01-24T19:41:36.120Z</time>
      </trkpt>
      <trkpt lat="44.951265" lon="6.093276">
        <ele>2124.072724</ele>
        <time>2026-01-24T19:41:52.589Z</time>
      </trkpt>
      <trkpt lat="44.951329" lon="6.093102">
        <ele>2127.556820</ele>
        <time>2026-01-24T19:42:09.632Z</time>
      </trkpt>
      <trkpt lat="44.951347" lon="6.092884">
        <ele>2131.456338</ele>
        <time>2026-01-24T19:42:30.141Z</time>
      </trkpt>
      <trkpt lat="44.951305" lon="6.092534">
        <ele>2137.763613</ele>
        <time>2026-01-24T19:43:08.026Z</time>
      </trkpt>
      <trkpt lat="44.951286" lon="6.092124">
        <ele>2145.063763</ele>
        <time>2026-01-24T19:43:56.923Z</time>
      </trkpt>
      <trkpt lat="44.951335" lon="6.091808">
        <ele>2150.811383</ele>
        <time>2026-01-24T19:44:38.228Z</time>
      </trkpt>
      <trkpt lat="44.951393" lon="6.091671">
        <ele>2153.647771</ele>
        <time>2026-01-24T19:45:00.248Z</time>
      </trkpt>
      <trkpt lat="44.951563" lon="6.091437">
        <ele>2159.605944</ele>
        <time>2026-01-24T19:45:47.470Z</time>
      </trkpt>
      <trkpt lat="44.951594" lon="6.091214">
        <ele>2163.643722</ele>
        <time>2026-01-24T19:46:20.054Z</time>
      </trkpt>
      <trkpt lat="44.951673" lon="6.091107">
        <ele>2166.391020</ele>
        <time>2026-01-24T19:46:41.914Z</time>
      </trkpt>
      <trkpt lat="44.951745" lon="6.090811">
        <ele>2171.636946</ele>
        <time>2026-01-24T19:47:27.301Z</time>
      </trkpt>
      <trkpt lat="44.951861" lon="6.090666">
        <ele>2175.185132</ele>
        <time>2026-01-24T19:47:58.277Z</time>
      </trkpt>
      <trkpt lat="44.951986" lon="6.090270">
        <ele>2182.215364</ele>
        <time>2026-01-24T19:48:55.668Z</time>
      </trkpt>
      <trkpt lat="44.952513" lon="6.089731">
        <ele>2197.119778</ele>
        <time>2026-01-24T19:50:34.623Z</time>
      </trkpt>
      <trkpt lat="44.952372" lon="6.089716">
        <ele>2200.359235</ele>
        <time>2026-01-24T19:50:51.689Z</time>
      </trkpt>
      <trkpt lat="44.952901" lon="6.089023">
        <ele>2216.149957</ele>
        <time>2026-01-24T19:52:12.281Z</time>
      </trkpt>
      <trkpt lat="44.952940" lon="6.088914">
        <ele>2217.931468</ele>
        <time>2026-01-24T19:52:22.008Z</time>
      </trkpt>
      <trkpt lat="44.953064" lon="6.088848">
        <ele>2220.662481</ele>
        <time>2026-01-24T19:52:37.469Z</time>
      </trkpt>
      <trkpt lat="44.953182" lon="6.088727">
        <ele>2223.667430</ele>
        <time>2026-01-24T19:52:54.839Z</time>
      </trkpt>
      <trkpt lat="44.953041" lon="6.088774">
        <ele>2226.653293</ele>
        <time>2026-01-24T19:53:12.954Z</time>
      </trkpt>
      <trkpt lat="44.953101" lon="6.088711">
        <ele>2228.193965</ele>
        <time>2026-01-24T19:53:22.602Z</time>
      </trkpt>
      <trkpt lat="44.953008" lon="6.088708">
        <ele>2230.111254</ele>
        <time>2026-01-24T19:53:34.919Z</time>
      </trkpt>
      <trkpt lat="44.953067" lon="6.088648">
        <ele>2231.609458</ele>
        <time>2026-01-24T19:53:44.923Z</time>
      </trkpt>
      <trkpt lat="44.952954" lon="6.088654">
        <ele>2233.940104</ele>
        <time>2026-01-24T19:54:01.095Z</time>
      </trkpt>
      <trkpt lat="44.953035" lon="6.088574">
        <ele>2235.976937</ele>
        <time>2026-01-24T19:54:16.035Z</time>
      </trkpt>
      <trkpt lat="44.952949" lon="6.088567">
        <ele>2237.752390</ele>
        <time>2026-01-24T19:54:29.557Z</time>
      </trkpt>
      <trkpt lat="44.953013" lon="6.088504">
        <ele>2239.359988</ele>
        <time>2026-01-24T19:54:42.145Z</time>
      </trkpt>
      <trkpt lat="44.952936" lon="6.088493">
        <ele>2240.955097</ele>
        <time>2026-01-24T19:54:55.084Z</time>
      </trkpt>
      <trkpt lat="44.953030" lon="6.088404">
        <ele>2243.287199</ele>
        <time>2026-01-24T19:55:14.419Z</time>
      </trkpt>
      <trkpt lat="44.952987" lon="6.088401">
        <ele>2244.174536</ele>
        <time>2026-01-24T19:55:21.988Z</time>
      </trkpt>
      <trkpt lat="44.953083" lon="6.088230">
        <ele>2247.512448</ele>
        <time>2026-01-24T19:55:49.786Z</time>
      </trkpt>
      <trkpt lat="44.953021" lon="6.088258">
        <ele>2249.136809</ele>
        <time>2026-01-24T19:56:01.783Z</time>
      </trkpt>
      <trkpt lat="44.953038" lon="6.088198">
        <ele>2250.278234</ele>
        <time>2026-01-24T19:56:10.463Z</time>
      </trkpt>
      <trkpt lat="44.952965" lon="6.088243">
        <ele>2252.265813</ele>
        <time>2026-01-24T19:56:26.020Z</time>
      </trkpt>
      <trkpt lat="44.952990" lon="6.088169">
        <ele>2253.714002</ele>
        <time>2026-01-24T19:56:37.541Z</time>
      </trkpt>
      <trkpt lat="44.952922" lon="6.088219">
        <ele>2255.626999</ele>
        <time>2026-01-24T19:56:52.793Z</time>
      </trkpt>
      <trkpt lat="44.952939" lon="6.088127">
        <ele>2257.306277</ele>
        <time>2026-01-24T19:57:06.153Z</time>
      </trkpt>
      <trkpt lat="44.952894" lon="6.088154">
        <ele>2258.526333</ele>
        <time>2026-01-24T19:57:16.125Z</time>
      </trkpt>
      <trkpt lat="44.952919" lon="6.088067">
        <ele>2260.184668</ele>
        <time>2026-01-24T19:57:29.637Z</time>
      </trkpt>
      <trkpt lat="44.952859" lon="6.088136">
        <ele>2262.115224</ele>
        <time>2026-01-24T19:57:45.359Z</time>
      </trkpt>
      <trkpt lat="44.952926" lon="6.087890">
        <ele>2266.770453</ele>
        <time>2026-01-24T19:58:21.981Z</time>
      </trkpt>
      <trkpt lat="44.952833" lon="6.087980">
        <ele>2269.583456</ele>
        <time>2026-01-24T19:58:43.355Z</time>
      </trkpt>
      <trkpt lat="44.952859" lon="6.087839">
        <ele>2272.156793</ele>
        <time>2026-01-24T19:59:02.150Z</time>
      </trkpt>
      <trkpt lat="44.952790" lon="6.087887">
        <ele>2274.076103</ele>
        <time>2026-01-24T19:59:15.884Z</time>
      </trkpt>
      <trkpt lat="44.952845" lon="6.087643">
        <ele>2278.598687</ele>
        <time>2026-01-24T19:59:46.328Z</time>
      </trkpt>
      <trkpt lat="44.952825" lon="6.087484">
        <ele>2281.450788</ele>
        <time>2026-01-24T20:00:04.510Z</time>
      </trkpt>
      <trkpt lat="44.952945" lon="6.087121">
        <ele>2288.526666</ele>
        <time>2026-01-24T20:00:44.530Z</time>
      </trkpt>
      <trkpt lat="44.953072" lon="6.086829">
        <ele>2292.698086</ele>
        <time>2026-01-24T20:01:12.837Z</time>
      </trkpt>
      <trkpt lat="44.953097" lon="6.086708">
        <ele>2293.558226</ele>
        <time>2026-01-24T20:01:22.322Z</time>
      </trkpt>
      <trkpt lat="44.953179" lon="6.086660">
        <ele>2294.414054</ele>
        <time>2026-01-24T20:01:31.229Z</time>
      </trkpt>
      <trkpt lat="44.953263" lon="6.086476">
        <ele>2295.908197</ele>
        <time>2026-01-24T20:01:45.799Z</time>
      </trkpt>
      <trkpt lat="44.953367" lon="6.086380">
        <ele>2297.106001</ele>
        <time>2026-01-24T20:01:56.548Z</time>
      </trkpt>
      <trkpt lat="44.953505" lon="6.086380">
        <ele>2298.436641</ele>
        <time>2026-01-24T20:02:07.678Z</time>
      </trkpt>
      <trkpt lat="44.953730" lon="6.086260">
        <ele>2300.755546</ele>
        <time>2026-01-24T20:02:25.484Z</time>
      </trkpt>
      <trkpt lat="44.953821" lon="6.086159">
        <ele>2301.871297</ele>
        <time>2026-01-24T20:02:33.509Z</time>
      </trkpt>
      <trkpt lat="44.953751" lon="6.086140">
        <ele>2302.558598</ele>
        <time>2026-01-24T20:02:38.486Z</time>
      </trkpt>
      <trkpt lat="44.953800" lon="6.086054">
        <ele>2303.311994</ele>
        <time>2026-01-24T20:02:43.810Z</time>
      </trkpt>
      <trkpt lat="44.953936" lon="6.085987">
        <ele>2304.700759</ele>
        <time>2026-01-24T20:02:53.765Z</time>
      </trkpt>
      <trkpt lat="44.954015" lon="6.085796">
        <ele>2306.210353</ele>
        <time>2026-01-24T20:03:04.851Z</time>
      </trkpt>
      <trkpt lat="44.954153" lon="6.085705">
        <ele>2307.678746</ele>
        <time>2026-01-24T20:03:16.167Z</time>
      </trkpt>
      <trkpt lat="44.954206" lon="6.085533">
        <ele>2309.018739</ele>
        <time>2026-01-24T20:03:26.621Z</time>
      </trkpt>
      <trkpt lat="44.954427" lon="6.085440">
        <ele>2312.542047</ele>
        <time>2026-01-24T20:03:46.283Z</time>
      </trkpt>
      <trkpt lat="44.954358" lon="6.085398">
        <ele>2313.689980</ele>
        <time>2026-01-24T20:03:53.290Z</time>
      </trkpt>
      <trkpt lat="44.954411" lon="6.085369">
        <ele>2314.558380</ele>
        <time>2026-01-24T20:03:58.879Z</time>
      </trkpt>
      <trkpt lat="44.954420" lon="6.085303">
        <ele>2315.285153</ele>
        <time>2026-01-24T20:04:03.619Z</time>
      </trkpt>
      <trkpt lat="44.954462" lon="6.085332">
        <ele>2315.999402</ele>
        <time>2026-01-24T20:04:08.323Z</time>
      </trkpt>
      <trkpt lat="44.954509" lon="6.085304">
        <ele>2316.778747</ele>
        <time>2026-01-24T20:04:13.684Z</time>
      </trkpt>
      <trkpt lat="44.954415" lon="6.085212">
        <ele>2318.525871</ele>
        <time>2026-01-24T20:04:25.882Z</time>
      </trkpt>
      <trkpt lat="44.954258" lon="6.085193">
        <ele>2320.933524</ele>
        <time>2026-01-24T20:04:43.628Z</time>
      </trkpt>
      <trkpt lat="44.954390" lon="6.085090">
        <ele>2323.237477</ele>
        <time>2026-01-24T20:05:01.555Z</time>
      </trkpt>
      <trkpt lat="44.954468" lon="6.085121">
        <ele>2324.475513</ele>
        <time>2026-01-24T20:05:11.542Z</time>
      </trkpt>
      <trkpt lat="44.954435" lon="6.085065">
        <ele>2325.263478</ele>
        <time>2026-01-24T20:05:17.988Z</time>
      </trkpt>
      <trkpt lat="44.954474" lon="6.085050">
        <ele>2325.881055</ele>
        <time>2026-01-24T20:05:23.093Z</time>
      </trkpt>
      <trkpt lat="44.954426" lon="6.085011">
        <ele>2326.727060</ele>
        <time>2026-01-24T20:05:30.304Z</time>
      </trkpt>
      <trkpt lat="44.954495" lon="6.084993">
        <ele>2327.799156</ele>
        <time>2026-01-24T20:05:39.441Z</time>
      </trkpt>
      <trkpt lat="44.954529" lon="6.084912">
        <ele>2328.817472</ele>
        <time>2026-01-24T20:05:48.093Z</time>
      </trkpt>
      <trkpt lat="44.954448" lon="6.084934">
        <ele>2330.077760</ele>
        <time>2026-01-24T20:05:59.039Z</time>
      </trkpt>
      <trkpt lat="44.954488" lon="6.084892">
        <ele>2330.839192</ele>
        <time>2026-01-24T20:06:05.652Z</time>
      </trkpt>
      <trkpt lat="44.954436" lon="6.084872">
        <ele>2331.662627</ele>
        <time>2026-01-24T20:06:12.871Z</time>
      </trkpt>
      <trkpt lat="44.954489" lon="6.084842">
        <ele>2332.534990</ele>
        <time>2026-01-24T20:06:20.579Z</time>
      </trkpt>
      <trkpt lat="44.954441" lon="6.084810">
        <ele>2333.345926</ele>
        <time>2026-01-24T20:06:27.870Z</time>
      </trkpt>
      <trkpt lat="44.954566" lon="6.084705">
        <ele>2335.567824</ele>
        <time>2026-01-24T20:06:47.965Z</time>
      </trkpt>
      <trkpt lat="44.954516" lon="6.084706">
        <ele>2336.331872</ele>
        <time>2026-01-24T20:06:54.878Z</time>
      </trkpt>
      <trkpt lat="44.954421" lon="6.084649">
        <ele>2338.655670</ele>
        <time>2026-01-24T20:07:09.229Z</time>
      </trkpt>
      <trkpt lat="44.954600" lon="6.084563">
        <ele>2342.918413</ele>
        <time>2026-01-24T20:07:35.674Z</time>
      </trkpt>
      <trkpt lat="44.954397" lon="6.084422">
        <ele>2348.018412</ele>
        <time>2026-01-24T20:08:08.059Z</time>
      </trkpt>
      <trkpt lat="44.954625" lon="6.084370">
        <ele>2353.225576</ele>
        <time>2026-01-24T20:08:42.221Z</time>
      </trkpt>
      <trkpt lat="44.954395" lon="6.084134">
        <ele>2359.634234</ele>
        <time>2026-01-24T20:09:25.695Z</time>
      </trkpt>
      <trkpt lat="44.954663" lon="6.084158">
        <ele>2365.688862</ele>
        <time>2026-01-24T20:10:07.958Z</time>
      </trkpt>
      <trkpt lat="44.954568" lon="6.084062">
        <ele>2368.322125</ele>
        <time>2026-01-24T20:10:26.726Z</time>
      </trkpt>
      <trkpt lat="44.954470" lon="6.083900">
        <ele>2371.722625</ele>
        <time>2026-01-24T20:10:51.061Z</time>
      </trkpt>
      <trkpt lat="44.954598" lon="6.083949">
        <ele>2374.712623</ele>
        <time>2026-01-24T20:11:12.537Z</time>
      </trkpt>
      <trkpt lat="44.954675" lon="6.083933">
        <ele>2376.467386</ele>
        <time>2026-01-24T20:11:25.361Z</time>
      </trkpt>
      <trkpt lat="44.954620" lon="6.083878">
        <ele>2378.143759</ele>
        <time>2026-01-24T20:11:36.487Z</time>
      </trkpt>
      <trkpt lat="44.954499" lon="6.083618">
        <ele>2383.822025</ele>
        <time>2026-01-24T20:12:13.538Z</time>
      </trkpt>
      <trkpt lat="44.954421" lon="6.083505">
        <ele>2386.702426</ele>
        <time>2026-01-24T20:12:32.705Z</time>
      </trkpt>
      <trkpt lat="44.954733" lon="6.083581">
        <ele>2394.866034</ele>
        <time>2026-01-24T20:13:27.641Z</time>
      </trkpt>
      <trkpt lat="44.954505" lon="6.083184">
        <ele>2404.195591</ele>
        <time>2026-01-24T20:14:30.905Z</time>
      </trkpt>
      <trkpt lat="44.954805" lon="6.083229">
        <ele>2411.974584</ele>
        <time>2026-01-24T20:15:23.677Z</time>
      </trkpt>
      <trkpt lat="44.954854" lon="6.083204">
        <ele>2413.317885</ele>
        <time>2026-01-24T20:15:32.817Z</time>
      </trkpt>
      <trkpt lat="44.954480" lon="6.082728">
        <ele>2426.175465</ele>
        <time>2026-01-24T20:16:56.429Z</time>
      </trkpt>
      <trkpt lat="44.954780" lon="6.082749">
        <ele>2433.611057</ele>
        <time>2026-01-24T20:17:44.508Z</time>
      </trkpt>
      <trkpt lat="44.954942" lon="6.082793">
        <ele>2437.694763</ele>
        <time>2026-01-24T20:18:10.661Z</time>
      </trkpt>
      <trkpt lat="44.954887" lon="6.082688">
        <ele>2439.983248</ele>
        <time>2026-01-24T20:18:25.209Z</time>
      </trkpt>
      <trkpt lat="44.954969" lon="6.082698">
        <ele>2442.020699</ele>
        <time>2026-01-24T20:18:38.140Z</time>
      </trkpt>
      <trkpt lat="44.954881" lon="6.082622">
        <ele>2444.573767</ele>
        <time>2026-01-24T20:18:54.389Z</time>
      </trkpt>
      <trkpt lat="44.954949" lon="6.082623">
        <ele>2446.257195</ele>
        <time>2026-01-24T20:19:05.185Z</time>
      </trkpt>
      <trkpt lat="44.954907" lon="6.082574">
        <ele>2447.605463</ele>
        <time>2026-01-24T20:19:13.745Z</time>
      </trkpt>
      <trkpt lat="44.954996" lon="6.082576">
        <ele>2449.808933</ele>
        <time>2026-01-24T20:19:28.021Z</time>
      </trkpt>
      <trkpt lat="44.954808" lon="6.082459">
        <ele>2454.894210</ele>
        <time>2026-01-24T20:20:01.447Z</time>
      </trkpt>
      <trkpt lat="44.954904" lon="6.082440">
        <ele>2457.293881</ele>
        <time>2026-01-24T20:20:17.322Z</time>
      </trkpt>
      <trkpt lat="44.954835" lon="6.082395">
        <ele>2459.175110</ele>
        <time>2026-01-24T20:20:29.865Z</time>
      </trkpt>
      <trkpt lat="44.954932" lon="6.082376">
        <ele>2461.599299</ele>
        <time>2026-01-24T20:20:46.427Z</time>
      </trkpt>
      <trkpt lat="44.954738" lon="6.082244">
        <ele>2466.929480</ele>
        <time>2026-01-24T20:21:23.205Z</time>
      </trkpt>
      <trkpt lat="44.954864" lon="6.082228">
        <ele>2469.795088</ele>
        <time>2026-01-24T20:21:45.189Z</time>
      </trkpt>
      <trkpt lat="44.954782" lon="6.082138">
        <ele>2472.063491</ele>
        <time>2026-01-24T20:22:03.546Z</time>
      </trkpt>
      <trkpt lat="44.955001" lon="6.082126">
        <ele>2476.851704</ele>
        <time>2026-01-24T20:22:41.794Z</time>
      </trkpt>
      <trkpt lat="44.954916" lon="6.082040">
        <ele>2479.135670</ele>
        <time>2026-01-24T20:22:59.602Z</time>
      </trkpt>
      <trkpt lat="44.955014" lon="6.082020">
        <ele>2481.298944</ele>
        <time>2026-01-24T20:23:16.454Z</time>
      </trkpt>
      <trkpt lat="44.954653" lon="6.081692">
        <ele>2490.675542</ele>
        <time>2026-01-24T20:24:25.937Z</time>
      </trkpt>
      <trkpt lat="44.954429" lon="6.081369">
        <ele>2497.667557</ele>
        <time>2026-01-24T20:25:13.208Z</time>
      </trkpt>
      <trkpt lat="44.954279" lon="6.081302">
        <ele>2501.104512</ele>
        <time>2026-01-24T20:25:33.954Z</time>
      </trkpt>
      <trkpt lat="44.954486" lon="6.081252">
        <ele>2505.692552</ele>
        <time>2026-01-24T20:26:10.307Z</time>
      </trkpt>
      <trkpt lat="44.954735" lon="6.081289">
        <ele>2507.798958</ele>
        <time>2026-01-24T20:26:48.775Z</time>
      </trkpt>
      <trkpt lat="44.954826" lon="6.081276">
        <ele>2508.146178</ele>
        <time>2026-01-24T20:27:01.787Z</time>
      </trkpt>
      <trkpt lat="44.954920" lon="6.081360">
        <ele>2508.568393</ele>
        <time>2026-01-24T20:27:16.468Z</time>
      </trkpt>
      <trkpt lat="44.955094" lon="6.081411">
        <ele>2509.243002</ele>
        <time>2026-01-24T20:27:36.991Z</time>
      </trkpt>
      <trkpt lat="44.955227" lon="6.081410">
        <ele>2509.747912</ele>
        <time>2026-01-24T20:27:50.660Z</time>
      </trkpt>
      <trkpt lat="44.955275" lon="6.081456">
        <ele>2509.968084</ele>
        <time>2026-01-24T20:27:56.183Z</time>
      </trkpt>
      <trkpt lat="44.955452" lon="6.081484">
        <ele>2510.644219</ele>
        <time>2026-01-24T20:28:12.956Z</time>
      </trkpt>
      <trkpt lat="44.955782" lon="6.081819">
        <ele>2512.186732</ele>
        <time>2026-01-24T20:28:46.723Z</time>
      </trkpt>
      <trkpt lat="44.955924" lon="6.081887">
        <ele>2512.755913</ele>
        <time>2026-01-24T20:28:58.385Z</time>
      </trkpt>
      <trkpt lat="44.956216" lon="6.082133">
        <ele>2513.782232</ele>
        <time>2026-01-24T20:29:23.317Z</time>
      </trkpt>
      <trkpt lat="44.956263" lon="6.082141">
        <ele>2513.587367</ele>
        <time>2026-01-24T20:29:26.711Z</time>
      </trkpt>
      <trkpt lat="44.956297" lon="6.082095">
        <ele>2513.393612</ele>
        <time>2026-01-24T20:29:30.042Z</time>
      </trkpt>
      <trkpt lat="44.956390" lon="6.082083">
        <ele>2513.009204</ele>
        <time>2026-01-24T20:29:36.627Z</time>
      </trkpt>
      <trkpt lat="44.956436" lon="6.082117">
        <ele>2512.795518</ele>
        <time>2026-01-24T20:29:40.261Z</time>
      </trkpt>
      <trkpt lat="44.956616" lon="6.082125">
        <ele>2512.054219</ele>
        <time>2026-01-24T20:29:52.663Z</time>
      </trkpt>
      <trkpt lat="44.956961" lon="6.082099">
        <ele>2510.632079</ele>
        <time>2026-01-24T20:30:16.516Z</time>
      </trkpt>
      <trkpt lat="44.957361" lon="6.082272">
        <ele>2508.910174</ele>
        <time>2026-01-24T20:30:46.066Z</time>
      </trkpt>
      <trkpt lat="44.957595" lon="6.082443">
        <ele>2507.825796</ele>
        <time>2026-01-24T20:31:05.639Z</time>
      </trkpt>
      <trkpt lat="44.958019" lon="6.082563">
        <ele>2508.027237</ele>
        <time>2026-01-24T20:31:40.805Z</time>
      </trkpt>
      <trkpt lat="44.958356" lon="6.082728">
        <ele>2512.746729</ele>
        <time>2026-01-24T20:32:16.578Z</time>
      </trkpt>
      <trkpt lat="44.958592" lon="6.082803">
        <ele>2515.947643</ele>
        <time>2026-01-24T20:32:46.644Z</time>
      </trkpt>
      <trkpt lat="44.958996" lon="6.083092">
        <ele>2521.939549</ele>
        <time>2026-01-24T20:33:57.688Z</time>
      </trkpt>
      <trkpt lat="44.959519" lon="6.082948">
        <ele>2528.990392</ele>
        <time>2026-01-24T20:35:45.530Z</time>
      </trkpt>
      <trkpt lat="44.959643" lon="6.082956">
        <ele>2531.088268</ele>
        <time>2026-01-24T20:36:14.668Z</time>
      </trkpt>
      <trkpt lat="44.959755" lon="6.083025">
        <ele>2535.034133</ele>
        <time>2026-01-24T20:36:44.390Z</time>
      </trkpt>
      <trkpt lat="44.959869" lon="6.083034">
        <ele>2538.721574</ele>
        <time>2026-01-24T20:37:13.001Z</time>
      </trkpt>
      <trkpt lat="44.960141" lon="6.083249">
        <ele>2548.786661</ele>
        <time>2026-01-24T20:38:35.384Z</time>
      </trkpt>
      <trkpt lat="44.960198" lon="6.083239">
        <ele>2550.641641</ele>
        <time>2026-01-24T20:38:51.693Z</time>
      </trkpt>
      <trkpt lat="44.960543" lon="6.083317">
        <ele>2561.925307</ele>
        <time>2026-01-24T20:40:37.213Z</time>
      </trkpt>
      <trkpt lat="44.960734" lon="6.083312">
        <ele>2568.094828</ele>
        <time>2026-01-24T20:41:40.432Z</time>
      </trkpt>
      <trkpt lat="44.960880" lon="6.083367">
        <ele>2572.974628</ele>
        <time>2026-01-24T20:42:32.324Z</time>
      </trkpt>
      <trkpt lat="44.961198" lon="6.083422">
        <ele>2583.321256</ele>
        <time>2026-01-24T20:44:26.249Z</time>
      </trkpt>
      <trkpt lat="44.961403" lon="6.083584">
        <ele>2591.451254</ele>
        <time>2026-01-24T20:45:53.911Z</time>
      </trkpt>
      <trkpt lat="44.961496" lon="6.083601">
        <ele>2595.139215</ele>
        <time>2026-01-24T20:46:29.426Z</time>
      </trkpt>
      <trkpt lat="44.961864" lon="6.083831">
        <ele>2610.963958</ele>
        <time>2026-01-24T20:49:04.118Z</time>
      </trkpt>
      <trkpt lat="44.962038" lon="6.083858">
        <ele>2617.848135</ele>
        <time>2026-01-24T20:50:12.006Z</time>
      </trkpt>
      <trkpt lat="44.962214" lon="6.083792">
        <ele>2625.009363</ele>
        <time>2026-01-24T20:51:22.581Z</time>
      </trkpt>
      <trkpt lat="44.962649" lon="6.083792">
        <ele>2642.116996</ele>
        <time>2026-01-24T20:54:11.234Z</time>
      </trkpt>
      <trkpt lat="44.962791" lon="6.083848">
        <ele>2647.914899</ele>
        <time>2026-01-24T20:55:06.972Z</time>
      </trkpt>
      <trkpt lat="44.963112" lon="6.083872">
        <ele>2660.243494</ele>
        <time>2026-01-24T20:57:04.002Z</time>
      </trkpt>
      <trkpt lat="44.963484" lon="6.084197">
        <ele>2673.634084</ele>
        <time>2026-01-24T20:59:34.793Z</time>
      </trkpt>
      <trkpt lat="44.963558" lon="6.084240">
        <ele>2676.083879</ele>
        <time>2026-01-24T21:00:01.035Z</time>
      </trkpt>
      <trkpt lat="44.963647" lon="6.084244">
        <ele>2678.810297</ele>
        <time>2026-01-24T21:00:29.829Z</time>
      </trkpt>
      <trkpt lat="44.964159" lon="6.084530">
        <ele>2695.666946</ele>
        <time>2026-01-24T21:03:08.315Z</time>
      </trkpt>
      <trkpt lat="44.964432" lon="6.084737">
        <ele>2705.152741</ele>
        <time>2026-01-24T21:04:25.574Z</time>
      </trkpt>
      <trkpt lat="44.964557" lon="6.084770">
        <ele>2709.046241</ele>
        <time>2026-01-24T21:04:55.409Z</time>
      </trkpt>
      <trkpt lat="44.964731" lon="6.084723">
        <ele>2714.377253</ele>
        <time>2026-01-24T21:05:35.553Z</time>
      </trkpt>
      <trkpt lat="44.965303" lon="6.085227">
        <ele>2727.534096</ele>
        <time>2026-01-24T21:07:50.691Z</time>
      </trkpt>
      <trkpt lat="44.965948" lon="6.085926">
        <ele>2743.398847</ele>
        <time>2026-01-24T21:10:20.626Z</time>
      </trkpt>
      <trkpt lat="44.966090" lon="6.086028">
        <ele>2746.507961</ele>
        <time>2026-01-24T21:10:49.788Z</time>
      </trkpt>
      <trkpt lat="44.966322" lon="6.086261">
        <ele>2750.442332</ele>
        <time>2026-01-24T21:11:40.755Z</time>
      </trkpt>
      <trkpt lat="44.966486" lon="6.086353">
        <ele>2751.850362</ele>
        <time>2026-01-24T21:12:11.078Z</time>
      </trkpt>
      <trkpt lat="44.966578" lon="6.086373">
        <ele>2752.593153</ele>
        <time>2026-01-24T21:12:26.690Z</time>
      </trkpt>
      <trkpt lat="44.966851" lon="6.086691">
        <ele>2755.416189</ele>
        <time>2026-01-24T21:13:21.376Z</time>
      </trkpt>
      <trkpt lat="44.966965" lon="6.086769">
        <ele>2756.426894</ele>
        <time>2026-01-24T21:13:39.281Z</time>
      </trkpt>
      <trkpt lat="44.967228" lon="6.086807">
        <ele>2758.536565</ele>
        <time>2026-01-24T21:14:11.185Z</time>
      </trkpt>
      <trkpt lat="44.967587" lon="6.086949">
        <ele>2761.511442</ele>
        <time>2026-01-24T21:14:46.076Z</time>
      </trkpt>
      <trkpt lat="44.967228" lon="6.086807">
        <ele>2762.322950</ele>
        <time>2026-01-24T21:15:14.358Z</time>
      </trkpt>
      <trkpt lat="44.966965" lon="6.086769">
        <ele>2758.810431</ele>
        <time>2026-01-24T21:15:32.296Z</time>
      </trkpt>
      <trkpt lat="44.966851" lon="6.086691">
        <ele>2757.127648</ele>
        <time>2026-01-24T21:15:40.467Z</time>
      </trkpt>
      <trkpt lat="44.966578" lon="6.086373">
        <ele>2752.427403</ele>
        <time>2026-01-24T21:16:03.196Z</time>
      </trkpt>
      <trkpt lat="44.966486" lon="6.086353">
        <ele>2751.190685</ele>
        <time>2026-01-24T21:16:09.145Z</time>
      </trkpt>
      <trkpt lat="44.966322" lon="6.086261">
        <ele>2748.846372</ele>
        <time>2026-01-24T21:16:20.427Z</time>
      </trkpt>
      <trkpt lat="44.966090" lon="6.086028">
        <ele>2745.065000</ele>
        <time>2026-01-24T21:16:38.531Z</time>
      </trkpt>
      <trkpt lat="44.965948" lon="6.085926">
        <ele>2742.948665</ele>
        <time>2026-01-24T21:16:48.680Z</time>
      </trkpt>
      <trkpt lat="44.965303" lon="6.085227">
        <ele>2727.217088</ele>
        <time>2026-01-24T21:17:40.367Z</time>
      </trkpt>
      <trkpt lat="44.964731" lon="6.084723">
        <ele>2712.469749</ele>
        <time>2026-01-24T21:18:23.031Z</time>
      </trkpt>
      <trkpt lat="44.964557" lon="6.084770">
        <ele>2708.593969</ele>
        <time>2026-01-24T21:18:34.393Z</time>
      </trkpt>
      <trkpt lat="44.964432" lon="6.084737">
        <ele>2705.811841</ele>
        <time>2026-01-24T21:18:42.665Z</time>
      </trkpt>
      <trkpt lat="44.964159" lon="6.084530">
        <ele>2698.227361</ele>
        <time>2026-01-24T21:19:03.341Z</time>
      </trkpt>
      <trkpt lat="44.963647" lon="6.084244">
        <ele>2679.203166</ele>
        <time>2026-01-24T21:19:42.372Z</time>
      </trkpt>
      <trkpt lat="44.963558" lon="6.084240">
        <ele>2676.126167</ele>
        <time>2026-01-24T21:19:49.003Z</time>
      </trkpt>
      <trkpt lat="44.963484" lon="6.084197">
        <ele>2673.361359</ele>
        <time>2026-01-24T21:19:54.996Z</time>
      </trkpt>
      <trkpt lat="44.963112" lon="6.083872">
        <ele>2658.248914</ele>
        <time>2026-01-24T21:20:28.585Z</time>
      </trkpt>
      <trkpt lat="44.962791" lon="6.083848">
        <ele>2647.141068</ele>
        <time>2026-01-24T21:20:53.933Z</time>
      </trkpt>
      <trkpt lat="44.962649" lon="6.083792">
        <ele>2642.046725</ele>
        <time>2026-01-24T21:21:05.871Z</time>
      </trkpt>
      <trkpt lat="44.962214" lon="6.083792">
        <ele>2625.594433</ele>
        <time>2026-01-24T21:21:41.778Z</time>
      </trkpt>
      <trkpt lat="44.962038" lon="6.083858">
        <ele>2618.508137</ele>
        <time>2026-01-24T21:21:56.800Z</time>
      </trkpt>
      <trkpt lat="44.961864" lon="6.083831">
        <ele>2611.695993</ele>
        <time>2026-01-24T21:22:11.265Z</time>
      </trkpt>
      <trkpt lat="44.961496" lon="6.083601">
        <ele>2596.036832</ele>
        <time>2026-01-24T21:22:44.264Z</time>
      </trkpt>
      <trkpt lat="44.961403" lon="6.083584">
        <ele>2592.387459</ele>
        <time>2026-01-24T21:22:51.865Z</time>
      </trkpt>
      <trkpt lat="44.961198" lon="6.083422">
        <ele>2583.247101</ele>
        <time>2026-01-24T21:23:10.683Z</time>
      </trkpt>
      <trkpt lat="44.960880" lon="6.083367">
        <ele>2570.779361</ele>
        <time>2026-01-24T21:23:35.666Z</time>
      </trkpt>
      <trkpt lat="44.960734" lon="6.083312">
        <ele>2565.890812</ele>
        <time>2026-01-24T21:23:47.254Z</time>
      </trkpt>
      <trkpt lat="44.960543" lon="6.083317">
        <ele>2560.639975</ele>
        <time>2026-01-24T21:24:01.620Z</time>
      </trkpt>
      <trkpt lat="44.960198" lon="6.083239">
        <ele>2551.036524</ele>
        <time>2026-01-24T21:24:26.833Z</time>
      </trkpt>
      <trkpt lat="44.960141" lon="6.083249">
        <ele>2549.457763</ele>
        <time>2026-01-24T21:24:30.917Z</time>
      </trkpt>
      <trkpt lat="44.959869" lon="6.083034">
        <ele>2540.891437</ele>
        <time>2026-01-24T21:24:52.221Z</time>
      </trkpt>
      <trkpt lat="44.959755" lon="6.083025">
        <ele>2537.753081</ele>
        <time>2026-01-24T21:24:59.858Z</time>
      </trkpt>
      <trkpt lat="44.959643" lon="6.082956">
        <ele>2534.394783</ele>
        <time>2026-01-24T21:25:07.923Z</time>
      </trkpt>
      <trkpt lat="44.959519" lon="6.082948">
        <ele>2530.982897</ele>
        <time>2026-01-24T21:25:16.007Z</time>
      </trkpt>
      <trkpt lat="44.958996" lon="6.083092">
        <ele>2518.244211</ele>
        <time>2026-01-24T21:25:49.740Z</time>
      </trkpt>
      <trkpt lat="44.958592" lon="6.082803">
        <ele>2515.293027</ele>
        <time>2026-01-24T21:26:18.789Z</time>
      </trkpt>
      <trkpt lat="44.958356" lon="6.082728">
        <ele>2513.716485</ele>
        <time>2026-01-24T21:26:35.071Z</time>
      </trkpt>
      <trkpt lat="44.958019" lon="6.082563">
        <ele>2511.392001</ele>
        <time>2026-01-24T21:27:01.218Z</time>
      </trkpt>
      <trkpt lat="44.957595" lon="6.082443">
        <ele>2508.573710</ele>
        <time>2026-01-24T21:27:37.104Z</time>
      </trkpt>
      <trkpt lat="44.957361" lon="6.082272">
        <ele>2507.306888</ele>
        <time>2026-01-24T21:28:02.851Z</time>
      </trkpt>
      <trkpt lat="44.956961" lon="6.082099">
        <ele>2509.345486</ele>
        <time>2026-01-24T21:28:48.263Z</time>
      </trkpt>
      <trkpt lat="44.956616" lon="6.082125">
        <ele>2511.029185</ele>
        <time>2026-01-24T21:29:28.367Z</time>
      </trkpt>
      <trkpt lat="44.956436" lon="6.082117">
        <ele>2511.906824</ele>
        <time>2026-01-24T21:29:49.152Z</time>
      </trkpt>
      <trkpt lat="44.956390" lon="6.082083">
        <ele>2512.159811</ele>
        <time>2026-01-24T21:29:55.050Z</time>
      </trkpt>
      <trkpt lat="44.956297" lon="6.082095">
        <ele>2512.614919</ele>
        <time>2026-01-24T21:30:05.463Z</time>
      </trkpt>
      <trkpt lat="44.956263" lon="6.082141">
        <ele>2512.844310</ele>
        <time>2026-01-24T21:30:10.546Z</time>
      </trkpt>
      <trkpt lat="44.956216" lon="6.082133">
        <ele>2513.075013</ele>
        <time>2026-01-24T21:30:15.674Z</time>
      </trkpt>
      <trkpt lat="44.955924" lon="6.081887">
        <ele>2514.731730</ele>
        <time>2026-01-24T21:30:49.521Z</time>
      </trkpt>
      <trkpt lat="44.955782" lon="6.081819">
        <ele>2515.462402</ele>
        <time>2026-01-24T21:31:03.047Z</time>
      </trkpt>
      <trkpt lat="44.955452" lon="6.081484">
        <ele>2515.449885</ele>
        <time>2026-01-24T21:31:36.609Z</time>
      </trkpt>
      <trkpt lat="44.955275" lon="6.081456">
        <ele>2515.211140</ele>
        <time>2026-01-24T21:31:51.143Z</time>
      </trkpt>
      <trkpt lat="44.955227" lon="6.081410">
        <ele>2515.133396</ele>
        <time>2026-01-24T21:31:55.865Z</time>
      </trkpt>
      <trkpt lat="44.955094" lon="6.081411">
        <ele>2514.955111</ele>
        <time>2026-01-24T21:32:06.773Z</time>
      </trkpt>
      <trkpt lat="44.954920" lon="6.081360">
        <ele>2514.716905</ele>
        <time>2026-01-24T21:32:21.093Z</time>
      </trkpt>
      <trkpt lat="44.954826" lon="6.081276">
        <ele>2514.567819</ele>
        <time>2026-01-24T21:32:30.042Z</time>
      </trkpt>
      <trkpt lat="44.954735" lon="6.081289">
        <ele>2514.445215</ele>
        <time>2026-01-24T21:32:37.326Z</time>
      </trkpt>
      <trkpt lat="44.954486" lon="6.081252">
        <ele>2514.109597</ele>
        <time>2026-01-24T21:32:56.979Z</time>
      </trkpt>
      <trkpt lat="44.954375" lon="6.081037">
        <ele>2513.857138</ele>
        <time>2026-01-24T21:33:11.486Z</time>
      </trkpt>
      <trkpt lat="44.954533" lon="6.080777">
        <ele>2513.532042</ele>
        <time>2026-01-24T21:33:29.755Z</time>
      </trkpt>
      <trkpt lat="44.954830" lon="6.080553">
        <ele>2510.030425</ele>
        <time>2026-01-24T21:33:54.193Z</time>
      </trkpt>
      <trkpt lat="44.955030" lon="6.080565">
        <ele>2507.652286</ele>
        <time>2026-01-24T21:34:08.427Z</time>
      </trkpt>
      <trkpt lat="44.955505" lon="6.080393">
        <ele>2501.826969</ele>
        <time>2026-01-24T21:34:41.402Z</time>
      </trkpt>
      <trkpt lat="44.955938" lon="6.080478">
        <ele>2496.633536</ele>
        <time>2026-01-24T21:35:09.369Z</time>
      </trkpt>
      <trkpt lat="44.956043" lon="6.080413">
        <ele>2495.271695</ele>
        <time>2026-01-24T21:35:16.709Z</time>
      </trkpt>
      <trkpt lat="44.956274" lon="6.080435">
        <ele>2492.521192</ele>
        <time>2026-01-24T21:35:31.391Z</time>
      </trkpt>
      <trkpt lat="44.956340" lon="6.080404">
        <ele>2491.318791</ele>
        <time>2026-01-24T21:35:35.824Z</time>
      </trkpt>
      <trkpt lat="44.956794" lon="6.080564">
        <ele>2480.609128</ele>
        <time>2026-01-24T21:36:05.340Z</time>
      </trkpt>
      <trkpt lat="44.957161" lon="6.080871">
        <ele>2470.847655</ele>
        <time>2026-01-24T21:36:32.628Z</time>
      </trkpt>
      <trkpt lat="44.957359" lon="6.080942">
        <ele>2466.172102</ele>
        <time>2026-01-24T21:36:45.713Z</time>
      </trkpt>
      <trkpt lat="44.957583" lon="6.080946">
        <ele>2461.044664</ele>
        <time>2026-01-24T21:37:00.207Z</time>
      </trkpt>
      <trkpt lat="44.957717" lon="6.081027">
        <ele>2457.708796</ele>
        <time>2026-01-24T21:37:09.589Z</time>
      </trkpt>
      <trkpt lat="44.957800" lon="6.081132">
        <ele>2455.159048</ele>
        <time>2026-01-24T21:37:16.805Z</time>
      </trkpt>
      <trkpt lat="44.957936" lon="6.081166">
        <ele>2451.997874</ele>
        <time>2026-01-24T21:37:25.761Z</time>
      </trkpt>
      <trkpt lat="44.958077" lon="6.081149">
        <ele>2448.212677</ele>
        <time>2026-01-24T21:37:35.004Z</time>
      </trkpt>
      <trkpt lat="44.957880" lon="6.080943">
        <ele>2441.193994</ele>
        <time>2026-01-24T21:37:51.107Z</time>
      </trkpt>
      <trkpt lat="44.958068" lon="6.080852">
        <ele>2435.502629</ele>
        <time>2026-01-24T21:38:04.327Z</time>
      </trkpt>
      <trkpt lat="44.958225" lon="6.080869">
        <ele>2430.993003</ele>
        <time>2026-01-24T21:38:14.855Z</time>
      </trkpt>
      <trkpt lat="44.958258" lon="6.080908">
        <ele>2429.760957</ele>
        <time>2026-01-24T21:38:17.786Z</time>
      </trkpt>
      <trkpt lat="44.958449" lon="6.080803">
        <ele>2423.891442</ele>
        <time>2026-01-24T21:38:31.699Z</time>
      </trkpt>
      <trkpt lat="44.958455" lon="6.080751">
        <ele>2422.823688</ele>
        <time>2026-01-24T21:38:34.269Z</time>
      </trkpt>
      <trkpt lat="44.958351" lon="6.080680">
        <ele>2419.515804</ele>
        <time>2026-01-24T21:38:42.325Z</time>
      </trkpt>
      <trkpt lat="44.958491" lon="6.080571">
        <ele>2414.937995</ele>
        <time>2026-01-24T21:38:53.638Z</time>
      </trkpt>
      <trkpt lat="44.958431" lon="6.080538">
        <ele>2413.094053</ele>
        <time>2026-01-24T21:38:58.263Z</time>
      </trkpt>
      <trkpt lat="44.958572" lon="6.080438">
        <ele>2408.575838</ele>
        <time>2026-01-24T21:39:09.649Z</time>
      </trkpt>
      <trkpt lat="44.958696" lon="6.080249">
        <ele>2403.352528</ele>
        <time>2026-01-24T21:39:22.903Z</time>
      </trkpt>
      <trkpt lat="44.958984" lon="6.080026">
        <ele>2393.865726</ele>
        <time>2026-01-24T21:39:46.778Z</time>
      </trkpt>
      <trkpt lat="44.958985" lon="6.079872">
        <ele>2390.698111</ele>
        <time>2026-01-24T21:39:54.668Z</time>
      </trkpt>
      <trkpt lat="44.958938" lon="6.079770">
        <ele>2388.194573</ele>
        <time>2026-01-24T21:40:00.869Z</time>
      </trkpt>
      <trkpt lat="44.959029" lon="6.079661">
        <ele>2384.727203</ele>
        <time>2026-01-24T21:40:09.386Z</time>
      </trkpt>
      <trkpt lat="44.959174" lon="6.079602">
        <ele>2380.341291</ele>
        <time>2026-01-24T21:40:20.060Z</time>
      </trkpt>
      <trkpt lat="44.959325" lon="6.079635">
        <ele>2375.900028</ele>
        <time>2026-01-24T21:40:30.844Z</time>
      </trkpt>
      <trkpt lat="44.959299" lon="6.079422">
        <ele>2371.454351</ele>
        <time>2026-01-24T21:40:41.537Z</time>
      </trkpt>
      <trkpt lat="44.959205" lon="6.079270">
        <ele>2367.302326</ele>
        <time>2026-01-24T21:40:51.410Z</time>
      </trkpt>
      <trkpt lat="44.959090" lon="6.079218">
        <ele>2363.792704</ele>
        <time>2026-01-24T21:40:59.674Z</time>
      </trkpt>
      <trkpt lat="44.959024" lon="6.078950">
        <ele>2357.956180</ele>
        <time>2026-01-24T21:41:13.238Z</time>
      </trkpt>
      <trkpt lat="44.959061" lon="6.078801">
        <ele>2354.708312</ele>
        <time>2026-01-24T21:41:20.683Z</time>
      </trkpt>
      <trkpt lat="44.958923" lon="6.078699">
        <ele>2350.181584</ele>
        <time>2026-01-24T21:41:30.967Z</time>
      </trkpt>
      <trkpt lat="44.958870" lon="6.078597">
        <ele>2347.578770</ele>
        <time>2026-01-24T21:41:36.841Z</time>
      </trkpt>
      <trkpt lat="44.958968" lon="6.078596">
        <ele>2344.986441</ele>
        <time>2026-01-24T21:41:43.248Z</time>
      </trkpt>
      <trkpt lat="44.959064" lon="6.078538">
        <ele>2342.274608</ele>
        <time>2026-01-24T21:41:49.941Z</time>
      </trkpt>
      <trkpt lat="44.959076" lon="6.078496">
        <ele>2341.442113</ele>
        <time>2026-01-24T21:41:52.011Z</time>
      </trkpt>
      <trkpt lat="44.958994" lon="6.078430">
        <ele>2338.991012</ele>
        <time>2026-01-24T21:41:58.062Z</time>
      </trkpt>
      <trkpt lat="44.959195" lon="6.078342">
        <ele>2333.525408</ele>
        <time>2026-01-24T21:42:11.578Z</time>
      </trkpt>
      <trkpt lat="44.959293" lon="6.078269">
        <ele>2330.647981</ele>
        <time>2026-01-24T21:42:18.747Z</time>
      </trkpt>
      <trkpt lat="44.959155" lon="6.078000">
        <ele>2324.541236</ele>
        <time>2026-01-24T21:42:34.105Z</time>
      </trkpt>
      <trkpt lat="44.959164" lon="6.077914">
        <ele>2322.943398</ele>
        <time>2026-01-24T21:42:38.191Z</time>
      </trkpt>
      <trkpt lat="44.959306" lon="6.077830">
        <ele>2318.944978</ele>
        <time>2026-01-24T21:42:48.500Z</time>
      </trkpt>
      <trkpt lat="44.959375" lon="6.077858">
        <ele>2317.080338</ele>
        <time>2026-01-24T21:42:53.349Z</time>
      </trkpt>
      <trkpt lat="44.959406" lon="6.077903">
        <ele>2315.926040</ele>
        <time>2026-01-24T21:42:56.353Z</time>
      </trkpt>
      <trkpt lat="44.959612" lon="6.077939">
        <ele>2310.534608</ele>
        <time>2026-01-24T21:43:10.504Z</time>
      </trkpt>
      <trkpt lat="44.959745" lon="6.078011">
        <ele>2306.835259</ele>
        <time>2026-01-24T21:43:20.271Z</time>
      </trkpt>
      <trkpt lat="44.959808" lon="6.077967">
        <ele>2305.009965</ele>
        <time>2026-01-24T21:43:25.066Z</time>
      </trkpt>
      <trkpt lat="44.959814" lon="6.077931">
        <ele>2304.330202</ele>
        <time>2026-01-24T21:43:26.856Z</time>
      </trkpt>
      <trkpt lat="44.959815" lon="6.077902">
        <ele>2303.796567</ele>
        <time>2026-01-24T21:43:28.259Z</time>
      </trkpt>
      <trkpt lat="44.959776" lon="6.077872">
        <ele>2302.643235</ele>
        <time>2026-01-24T21:43:31.256Z</time>
      </trkpt>
      <trkpt lat="44.959777" lon="6.077807">
        <ele>2301.448292</ele>
        <time>2026-01-24T21:43:34.384Z</time>
      </trkpt>
      <trkpt lat="44.959727" lon="6.077761">
        <ele>2299.926627</ele>
        <time>2026-01-24T21:43:38.414Z</time>
      </trkpt>
      <trkpt lat="44.959765" lon="6.077749">
        <ele>2298.969492</ele>
        <time>2026-01-24T21:43:41.027Z</time>
      </trkpt>
      <trkpt lat="44.959756" lon="6.077713">
        <ele>2298.305375</ele>
        <time>2026-01-24T21:43:42.806Z</time>
      </trkpt>
      <trkpt lat="44.959795" lon="6.077687">
        <ele>2297.245378</ele>
        <time>2026-01-24T21:43:45.706Z</time>
      </trkpt>
      <trkpt lat="44.960125" lon="6.077611">
        <ele>2289.026455</ele>
        <time>2026-01-24T21:44:07.852Z</time>
      </trkpt>
      <trkpt lat="44.960223" lon="6.077623">
        <ele>2286.608437</ele>
        <time>2026-01-24T21:44:14.184Z</time>
      </trkpt>
      <trkpt lat="44.960360" lon="6.077716">
        <ele>2282.872404</ele>
        <time>2026-01-24T21:44:24.003Z</time>
      </trkpt>
      <trkpt lat="44.960407" lon="6.077647">
        <ele>2281.206508</ele>
        <time>2026-01-24T21:44:28.370Z</time>
      </trkpt>
      <trkpt lat="44.960564" lon="6.077650">
        <ele>2277.346850</ele>
        <time>2026-01-24T21:44:38.423Z</time>
      </trkpt>
      <trkpt lat="44.960746" lon="6.077491">
        <ele>2272.087208</ele>
        <time>2026-01-24T21:44:52.019Z</time>
      </trkpt>
      <trkpt lat="44.960763" lon="6.077555">
        <ele>2270.898160</ele>
        <time>2026-01-24T21:44:55.103Z</time>
      </trkpt>
      <trkpt lat="44.960879" lon="6.077547">
        <ele>2268.043306</ele>
        <time>2026-01-24T21:45:02.467Z</time>
      </trkpt>
      <trkpt lat="44.960932" lon="6.077589">
        <ele>2266.549644</ele>
        <time>2026-01-24T21:45:06.293Z</time>
      </trkpt>
      <trkpt lat="44.961007" lon="6.077701">
        <ele>2263.867488</ele>
        <time>2026-01-24T21:45:13.232Z</time>
      </trkpt>
      <trkpt lat="44.961087" lon="6.077755">
        <ele>2261.688171</ele>
        <time>2026-01-24T21:45:18.840Z</time>
      </trkpt>
      <trkpt lat="44.961142" lon="6.077860">
        <ele>2259.415875</ele>
        <time>2026-01-24T21:45:24.726Z</time>
      </trkpt>
      <trkpt lat="44.961335" lon="6.077886">
        <ele>2254.351342</ele>
        <time>2026-01-24T21:45:37.158Z</time>
      </trkpt>
      <trkpt lat="44.961330" lon="6.077848">
        <ele>2253.550058</ele>
        <time>2026-01-24T21:45:38.904Z</time>
      </trkpt>
      <trkpt lat="44.961488" lon="6.077932">
        <ele>2248.604212</ele>
        <time>2026-01-24T21:45:49.923Z</time>
      </trkpt>
      <trkpt lat="44.961606" lon="6.077943">
        <ele>2245.139496</ele>
        <time>2026-01-24T21:45:57.702Z</time>
      </trkpt>
      <trkpt lat="44.961919" lon="6.077709">
        <ele>2234.765090</ele>
        <time>2026-01-24T21:46:21.829Z</time>
      </trkpt>
      <trkpt lat="44.962062" lon="6.077729">
        <ele>2230.554962</ele>
        <time>2026-01-24T21:46:31.898Z</time>
      </trkpt>
      <trkpt lat="44.962156" lon="6.077803">
        <ele>2227.402480</ele>
        <time>2026-01-24T21:46:39.605Z</time>
      </trkpt>
      <trkpt lat="44.962212" lon="6.077744">
        <ele>2225.356039</ele>
        <time>2026-01-24T21:46:44.702Z</time>
      </trkpt>
      <trkpt lat="44.962350" lon="6.077679">
        <ele>2221.094235</ele>
        <time>2026-01-24T21:46:55.307Z</time>
      </trkpt>
      <trkpt lat="44.962229" lon="6.077561">
        <ele>2216.787065</ele>
        <time>2026-01-24T21:47:06.128Z</time>
      </trkpt>
      <trkpt lat="44.962467" lon="6.077444">
        <ele>2209.404262</ele>
        <time>2026-01-24T21:47:24.744Z</time>
      </trkpt>
      <trkpt lat="44.962580" lon="6.077341">
        <ele>2205.464705</ele>
        <time>2026-01-24T21:47:34.533Z</time>
      </trkpt>
      <trkpt lat="44.962728" lon="6.077310">
        <ele>2201.099048</ele>
        <time>2026-01-24T21:47:45.325Z</time>
      </trkpt>
      <trkpt lat="44.962774" lon="6.077332">
        <ele>2199.686711</ele>
        <time>2026-01-24T21:47:48.813Z</time>
      </trkpt>
      <trkpt lat="44.962780" lon="6.077284">
        <ele>2198.683668</ele>
        <time>2026-01-24T21:47:51.287Z</time>
      </trkpt>
      <trkpt lat="44.963018" lon="6.077323">
        <ele>2191.715571</ele>
        <time>2026-01-24T21:48:08.110Z</time>
      </trkpt>
      <trkpt lat="44.963049" lon="6.077270">
        <ele>2190.300542</ele>
        <time>2026-01-24T21:48:11.496Z</time>
      </trkpt>
      <trkpt lat="44.963143" lon="6.077334">
        <ele>2187.266061</ele>
        <time>2026-01-24T21:48:18.669Z</time>
      </trkpt>
      <trkpt lat="44.963189" lon="6.077409">
        <ele>2185.223598</ele>
        <time>2026-01-24T21:48:23.514Z</time>
      </trkpt>
      <trkpt lat="44.963192" lon="6.077465">
        <ele>2184.067936</ele>
        <time>2026-01-24T21:48:26.211Z</time>
      </trkpt>
      <trkpt lat="44.963494" lon="6.077385">
        <ele>2175.131957</ele>
        <time>2026-01-24T21:48:46.963Z</time>
      </trkpt>
      <trkpt lat="44.963802" lon="6.077093">
        <ele>2164.345769</ele>
        <time>2026-01-24T21:49:11.855Z</time>
      </trkpt>
      <trkpt lat="44.963694" lon="6.077071">
        <ele>2161.172360</ele>
        <time>2026-01-24T21:49:19.299Z</time>
      </trkpt>
      <trkpt lat="44.963775" lon="6.076986">
        <ele>2158.238291</ele>
        <time>2026-01-24T21:49:26.175Z</time>
      </trkpt>
      <trkpt lat="44.963642" lon="6.076945">
        <ele>2154.279324</ele>
        <time>2026-01-24T21:49:35.508Z</time>
      </trkpt>
      <trkpt lat="44.963805" lon="6.076838">
        <ele>2148.923390</ele>
        <time>2026-01-24T21:49:47.924Z</time>
      </trkpt>
      <trkpt lat="44.963646" lon="6.076767">
        <ele>2143.782544</ele>
        <time>2026-01-24T21:49:59.518Z</time>
      </trkpt>
      <trkpt lat="44.963895" lon="6.076631">
        <ele>2135.552529</ele>
        <time>2026-01-24T21:50:18.240Z</time>
      </trkpt>
      <trkpt lat="44.963854" lon="6.076593">
        <ele>2134.040937</ele>
        <time>2026-01-24T21:50:21.676Z</time>
      </trkpt>
      <trkpt lat="44.963899" lon="6.076569">
        <ele>2132.558086</ele>
        <time>2026-01-24T21:50:25.066Z</time>
      </trkpt>
      <trkpt lat="44.963586" lon="6.076394">
        <ele>2122.180598</ele>
        <time>2026-01-24T21:50:49.196Z</time>
      </trkpt>
      <trkpt lat="44.963698" lon="6.076327">
        <ele>2118.431045</ele>
        <time>2026-01-24T21:50:57.931Z</time>
      </trkpt>
      <trkpt lat="44.963588" lon="6.076235">
        <ele>2114.490406</ele>
        <time>2026-01-24T21:51:07.117Z</time>
      </trkpt>
      <trkpt lat="44.963676" lon="6.076186">
        <ele>2111.574386</ele>
        <time>2026-01-24T21:51:13.904Z</time>
      </trkpt>
      <trkpt lat="44.963673" lon="6.076104">
        <ele>2109.783246</ele>
        <time>2026-01-24T21:51:18.143Z</time>
      </trkpt>
      <trkpt lat="44.963750" lon="6.076089">
        <ele>2107.386881</ele>
        <time>2026-01-24T21:51:23.796Z</time>
      </trkpt>
      <trkpt lat="44.963883" lon="6.075995">
        <ele>2102.802346</ele>
        <time>2026-01-24T21:51:34.587Z</time>
      </trkpt>
      <trkpt lat="44.963775" lon="6.075931">
        <ele>2099.191849</ele>
        <time>2026-01-24T21:51:43.095Z</time>
      </trkpt>
      <trkpt lat="44.963859" lon="6.075856">
        <ele>2096.128621</ele>
        <time>2026-01-24T21:51:50.285Z</time>
      </trkpt>
      <trkpt lat="44.963952" lon="6.075872">
        <ele>2093.600764</ele>
        <time>2026-01-24T21:51:57.000Z</time>
      </trkpt>
      <trkpt lat="44.964083" lon="6.075826">
        <ele>2090.037527</ele>
        <time>2026-01-24T21:52:06.583Z</time>
      </trkpt>
      <trkpt lat="44.964188" lon="6.075758">
        <ele>2086.988630</ele>
        <time>2026-01-24T21:52:14.742Z</time>
      </trkpt>
      <trkpt lat="44.964155" lon="6.075725">
        <ele>2085.921502</ele>
        <time>2026-01-24T21:52:17.611Z</time>
      </trkpt>
      <trkpt lat="44.964329" lon="6.075641">
        <ele>2081.067734</ele>
        <time>2026-01-24T21:52:30.399Z</time>
      </trkpt>
      <trkpt lat="44.964129" lon="6.075437">
        <ele>2074.556854</ele>
        <time>2026-01-24T21:52:47.205Z</time>
      </trkpt>
      <trkpt lat="44.964465" lon="6.075291">
        <ele>2065.277487</ele>
        <time>2026-01-24T21:53:10.502Z</time>
      </trkpt>
      <trkpt lat="44.964144" lon="6.074869">
        <ele>2053.704740</ele>
        <time>2026-01-24T21:53:38.230Z</time>
      </trkpt>
      <trkpt lat="44.964024" lon="6.074559">
        <ele>2047.114145</ele>
        <time>2026-01-24T21:53:53.972Z</time>
      </trkpt>
      <trkpt lat="44.964027" lon="6.074234">
        <ele>2041.092322</ele>
        <time>2026-01-24T21:54:08.541Z</time>
      </trkpt>
      <trkpt lat="44.963967" lon="6.074113">
        <ele>2038.354821</ele>
        <time>2026-01-24T21:54:15.176Z</time>
      </trkpt>
      <trkpt lat="44.963911" lon="6.074082">
        <ele>2036.780002</ele>
        <time>2026-01-24T21:54:18.978Z</time>
      </trkpt>
      <trkpt lat="44.963900" lon="6.073862">
        <ele>2032.693865</ele>
        <time>2026-01-24T21:54:28.842Z</time>
      </trkpt>
      <trkpt lat="44.963845" lon="6.073842">
        <ele>2031.206793</ele>
        <time>2026-01-24T21:54:32.432Z</time>
      </trkpt>
      <trkpt lat="44.963841" lon="6.073756">
        <ele>2029.610018</ele>
        <time>2026-01-24T21:54:36.265Z</time>
      </trkpt>
      <trkpt lat="44.963871" lon="6.073732">
        <ele>2028.707357</ele>
        <time>2026-01-24T21:54:38.492Z</time>
      </trkpt>
      <trkpt lat="44.963917" lon="6.073695">
        <ele>2027.321448</ele>
        <time>2026-01-24T21:54:41.838Z</time>
      </trkpt>
      <trkpt lat="44.964033" lon="6.073711">
        <ele>2024.269574</ele>
        <time>2026-01-24T21:54:49.242Z</time>
      </trkpt>
      <trkpt lat="44.964152" lon="6.073850">
        <ele>2020.227120</ele>
        <time>2026-01-24T21:54:59.214Z</time>
      </trkpt>
      <trkpt lat="44.964283" lon="6.073834">
        <ele>2016.784120</ele>
        <time>2026-01-24T21:55:07.914Z</time>
      </trkpt>
      <trkpt lat="44.964787" lon="6.073889">
        <ele>2003.547673</ele>
        <time>2026-01-24T21:55:43.451Z</time>
      </trkpt>
      <trkpt lat="44.964989" lon="6.074056">
        <ele>1996.226179</ele>
        <time>2026-01-24T21:56:01.340Z</time>
      </trkpt>
      <trkpt lat="44.965082" lon="6.073858">
        <ele>1990.421824</ele>
        <time>2026-01-24T21:56:14.247Z</time>
      </trkpt>
      <trkpt lat="44.965180" lon="6.073748">
        <ele>1986.101980</ele>
        <time>2026-01-24T21:56:23.924Z</time>
      </trkpt>
      <trkpt lat="44.965068" lon="6.073576">
        <ele>1980.392932</ele>
        <time>2026-01-24T21:56:36.849Z</time>
      </trkpt>
      <trkpt lat="44.965122" lon="6.073541">
        <ele>1978.342269</ele>
        <time>2026-01-24T21:56:41.455Z</time>
      </trkpt>
      <trkpt lat="44.965091" lon="6.073437">
        <ele>1975.586053</ele>
        <time>2026-01-24T21:56:47.644Z</time>
      </trkpt>
      <trkpt lat="44.965223" lon="6.073193">
        <ele>1968.084452</ele>
        <time>2026-01-24T21:57:04.413Z</time>
      </trkpt>
      <trkpt lat="44.965188" lon="6.073125">
        <ele>1966.030723</ele>
        <time>2026-01-24T21:57:08.894Z</time>
      </trkpt>
      <trkpt lat="44.965213" lon="6.073074">
        <ele>1964.515407</ele>
        <time>2026-01-24T21:57:12.187Z</time>
      </trkpt>
      <trkpt lat="44.965675" lon="6.072931">
        <ele>1948.189865</ele>
        <time>2026-01-24T21:57:47.360Z</time>
      </trkpt>
      <trkpt lat="44.965716" lon="6.072841">
        <ele>1945.575585</ele>
        <time>2026-01-24T21:57:52.865Z</time>
      </trkpt>
      <trkpt lat="44.965799" lon="6.072892">
        <ele>1942.451497</ele>
        <time>2026-01-24T21:57:59.424Z</time>
      </trkpt>
      <trkpt lat="44.965825" lon="6.072841">
        <ele>1940.916272</ele>
        <time>2026-01-24T21:58:02.630Z</time>
      </trkpt>
      <trkpt lat="44.966043" lon="6.072761">
        <ele>1933.846322</ele>
        <time>2026-01-24T21:58:18.786Z</time>
      </trkpt>
      <trkpt lat="44.966364" lon="6.072737">
        <ele>1924.066109</ele>
        <time>2026-01-24T21:58:41.707Z</time>
      </trkpt>
      <trkpt lat="44.966651" lon="6.072846">
        <ele>1915.024259</ele>
        <time>2026-01-24T21:59:03.008Z</time>
      </trkpt>
      <trkpt lat="44.966765" lon="6.072830">
        <ele>1911.538704</ele>
        <time>2026-01-24T21:59:11.060Z</time>
      </trkpt>
      <trkpt lat="44.966892" lon="6.072855">
        <ele>1907.637380</ele>
        <time>2026-01-24T21:59:20.080Z</time>
      </trkpt>
      <trkpt lat="44.967132" lon="6.072694">
        <ele>1899.554554</ele>
        <time>2026-01-24T21:59:38.432Z</time>
      </trkpt>
      <trkpt lat="44.967328" lon="6.072393">
        <ele>1890.748601</ele>
        <time>2026-01-24T21:59:58.335Z</time>
      </trkpt>
      <trkpt lat="44.967283" lon="6.072352">
        <ele>1889.119645</ele>
        <time>2026-01-24T22:00:02.079Z</time>
      </trkpt>
      <trkpt lat="44.967333" lon="6.072277">
        <ele>1886.901361</ele>
        <time>2026-01-24T22:00:07.120Z</time>
      </trkpt>
      <trkpt lat="44.967168" lon="6.072254">
        <ele>1882.069079</ele>
        <time>2026-01-24T22:00:18.543Z</time>
      </trkpt>
      <trkpt lat="44.967206" lon="6.072148">
        <ele>1879.728058</ele>
        <time>2026-01-24T22:00:24.323Z</time>
      </trkpt>
      <trkpt lat="44.967313" lon="6.072122">
        <ele>1876.704958</ele>
        <time>2026-01-24T22:00:31.765Z</time>
      </trkpt>
      <trkpt lat="44.967232" lon="6.072086">
        <ele>1874.340653</ele>
        <time>2026-01-24T22:00:37.622Z</time>
      </trkpt>
      <trkpt lat="44.967307" lon="6.071959">
        <ele>1871.081659</ele>
        <time>2026-01-24T22:00:45.632Z</time>
      </trkpt>
      <trkpt lat="44.967172" lon="6.071926">
        <ele>1867.266811</ele>
        <time>2026-01-24T22:00:55.018Z</time>
      </trkpt>
      <trkpt lat="44.967097" lon="6.071978">
        <ele>1864.940722</ele>
        <time>2026-01-24T22:01:00.739Z</time>
      </trkpt>
      <trkpt lat="44.966970" lon="6.071919">
        <ele>1861.218312</ele>
        <time>2026-01-24T22:01:09.860Z</time>
      </trkpt>
      <trkpt lat="44.967063" lon="6.071843">
        <ele>1858.227062</ele>
        <time>2026-01-24T22:01:17.088Z</time>
      </trkpt>
      <trkpt lat="44.966945" lon="6.071812">
        <ele>1854.885103</ele>
        <time>2026-01-24T22:01:25.132Z</time>
      </trkpt>
      <trkpt lat="44.967188" lon="6.071656">
        <ele>1847.453574</ele>
        <time>2026-01-24T22:01:42.941Z</time>
      </trkpt>
      <trkpt lat="44.966965" lon="6.071519">
        <ele>1840.682982</ele>
        <time>2026-01-24T22:01:59.187Z</time>
      </trkpt>
      <trkpt lat="44.967134" lon="6.071427">
        <ele>1835.640243</ele>
        <time>2026-01-24T22:02:11.344Z</time>
      </trkpt>
      <trkpt lat="44.966912" lon="6.071244">
        <ele>1827.967345</ele>
        <time>2026-01-24T22:02:28.763Z</time>
      </trkpt>
      <trkpt lat="44.967087" lon="6.071197">
        <ele>1822.564733</ele>
        <time>2026-01-24T22:02:40.995Z</time>
      </trkpt>
      <trkpt lat="44.967179" lon="6.071212">
        <ele>1819.755927</ele>
        <time>2026-01-24T22:02:47.510Z</time>
      </trkpt>
      <trkpt lat="44.967068" lon="6.071087">
        <ele>1815.451456</ele>
        <time>2026-01-24T22:02:57.472Z</time>
      </trkpt>
      <trkpt lat="44.967235" lon="6.071053">
        <ele>1810.334174</ele>
        <time>2026-01-24T22:03:09.434Z</time>
      </trkpt>
      <trkpt lat="44.967414" lon="6.070973">
        <ele>1804.640272</ele>
        <time>2026-01-24T22:03:22.743Z</time>
      </trkpt>
      <trkpt lat="44.967313" lon="6.070944">
        <ele>1801.514436</ele>
        <time>2026-01-24T22:03:30.123Z</time>
      </trkpt>
      <trkpt lat="44.967275" lon="6.070885">
        <ele>1799.802374</ele>
        <time>2026-01-24T22:03:34.112Z</time>
      </trkpt>
      <trkpt lat="44.967478" lon="6.070837">
        <ele>1793.559949</ele>
        <time>2026-01-24T22:03:48.905Z</time>
      </trkpt>
      <trkpt lat="44.967165" lon="6.070647">
        <ele>1783.228374</ele>
        <time>2026-01-24T22:04:13.873Z</time>
      </trkpt>
      <trkpt lat="44.967113" lon="6.070508">
        <ele>1779.854365</ele>
        <time>2026-01-24T22:04:22.094Z</time>
      </trkpt>
      <trkpt lat="44.967118" lon="6.070446">
        <ele>1779.145135</ele>
        <time>2026-01-24T22:04:25.324Z</time>
      </trkpt>
      <trkpt lat="44.967066" lon="6.070385">
        <ele>1778.162776</ele>
        <time>2026-01-24T22:04:30.216Z</time>
      </trkpt>
      <trkpt lat="44.966949" lon="6.070401">
        <ele>1776.454015</ele>
        <time>2026-01-24T22:04:38.579Z</time>
      </trkpt>
      <trkpt lat="44.966907" lon="6.070273">
        <ele>1775.002836</ele>
        <time>2026-01-24T22:04:45.648Z</time>
      </trkpt>
      <trkpt lat="44.966827" lon="6.070143">
        <ele>1773.230777</ele>
        <time>2026-01-24T22:04:54.145Z</time>
      </trkpt>
      <trkpt lat="44.966925" lon="6.070101">
        <ele>1771.742108</ele>
        <time>2026-01-24T22:05:01.079Z</time>
      </trkpt>
      <trkpt lat="44.967041" lon="6.070095">
        <ele>1770.054697</ele>
        <time>2026-01-24T22:05:08.664Z</time>
      </trkpt>
      <trkpt lat="44.967118" lon="6.070026">
        <ele>1768.729346</ele>
        <time>2026-01-24T22:05:14.472Z</time>
      </trkpt>
      <trkpt lat="44.967267" lon="6.070019">
        <ele>1766.562150</ele>
        <time>2026-01-24T22:05:23.950Z</time>
      </trkpt>
      <trkpt lat="44.967293" lon="6.069809">
        <ele>1764.369476</ele>
        <time>2026-01-24T22:05:33.619Z</time>
      </trkpt>
      <trkpt lat="44.967250" lon="6.069749">
        <ele>1763.491098</ele>
        <time>2026-01-24T22:05:37.504Z</time>
      </trkpt>
      <trkpt lat="44.967293" lon="6.069722">
        <ele>1762.807103</ele>
        <time>2026-01-24T22:05:40.610Z</time>
      </trkpt>
      <trkpt lat="44.967419" lon="6.069829">
        <ele>1760.670275</ele>
        <time>2026-01-24T22:05:51.109Z</time>
      </trkpt>
      <trkpt lat="44.967464" lon="6.069687">
        <ele>1759.069995</ele>
        <time>2026-01-24T22:05:59.767Z</time>
      </trkpt>
      <trkpt lat="44.967573" lon="6.069666">
        <ele>1757.470820</ele>
        <time>2026-01-24T22:06:09.251Z</time>
      </trkpt>
      <trkpt lat="44.967698" lon="6.070229">
        <ele>1753.195402</ele>
        <time>2026-01-24T22:06:55.802Z</time>
      </trkpt>
      <trkpt lat="44.967843" lon="6.070548">
        <ele>1752.509527</ele>
        <time>2026-01-24T22:07:33.626Z</time>
      </trkpt>
      <trkpt lat="44.968008" lon="6.070813">
        <ele>1751.870964</ele>
        <time>2026-01-24T22:08:07.350Z</time>
      </trkpt>
      <trkpt lat="44.968088" lon="6.071106">
        <ele>1751.302853</ele>
        <time>2026-01-24T22:08:30.282Z</time>
      </trkpt>
      <trkpt lat="44.968128" lon="6.071392">
        <ele>1750.775491</ele>
        <time>2026-01-24T22:08:47.035Z</time>
      </trkpt>
      <trkpt lat="44.968090" lon="6.071556">
        <ele>1750.463325</ele>
        <time>2026-01-24T22:08:56.027Z</time>
      </trkpt>
      <trkpt lat="44.968153" lon="6.071544">
        <ele>1750.300792</ele>
        <time>2026-01-24T22:09:00.539Z</time>
      </trkpt>
      <trkpt lat="44.968264" lon="6.071064">
        <ele>1749.387310</ele>
        <time>2026-01-24T22:09:23.586Z</time>
      </trkpt>
      <trkpt lat="44.968401" lon="6.070940">
        <ele>1748.915796</ele>
        <time>2026-01-24T22:09:33.926Z</time>
      </trkpt>
      <trkpt lat="44.968459" lon="6.071082">
        <ele>1746.575879</ele>
        <time>2026-01-24T22:09:41.296Z</time>
      </trkpt>
      <trkpt lat="44.968598" lon="6.070748">
        <ele>1741.045959</ele>
        <time>2026-01-24T22:09:59.004Z</time>
      </trkpt>
      <trkpt lat="44.968759" lon="6.070652">
        <ele>1737.521303</ele>
        <time>2026-01-24T22:10:10.277Z</time>
      </trkpt>
      <trkpt lat="44.969056" lon="6.070790">
        <ele>1731.215161</ele>
        <time>2026-01-24T22:10:30.317Z</time>
      </trkpt>
      <trkpt lat="44.969256" lon="6.070834">
        <ele>1727.132414</ele>
        <time>2026-01-24T22:10:43.119Z</time>
      </trkpt>
      <trkpt lat="44.969385" lon="6.071049">
        <ele>1723.109437</ele>
        <time>2026-01-24T22:10:55.759Z</time>
      </trkpt>
      <trkpt lat="44.969476" lon="6.071106">
        <ele>1721.101728</ele>
        <time>2026-01-24T22:11:02.078Z</time>
      </trkpt>
      <trkpt lat="44.969575" lon="6.071101">
        <ele>1719.103538</ele>
        <time>2026-01-24T22:11:08.414Z</time>
      </trkpt>
      <trkpt lat="44.969679" lon="6.071156">
        <ele>1716.863744</ele>
        <time>2026-01-24T22:11:15.537Z</time>
      </trkpt>
      <trkpt lat="44.969775" lon="6.071302">
        <ele>1714.019347</ele>
        <time>2026-01-24T22:11:24.524Z</time>
      </trkpt>
      <trkpt lat="44.969809" lon="6.071502">
        <ele>1710.609486</ele>
        <time>2026-01-24T22:11:33.754Z</time>
      </trkpt>
      <trkpt lat="44.969895" lon="6.071627">
        <ele>1707.390297</ele>
        <time>2026-01-24T22:11:41.604Z</time>
      </trkpt>
      <trkpt lat="44.970391" lon="6.071872">
        <ele>1693.678718</ele>
        <time>2026-01-24T22:12:14.761Z</time>
      </trkpt>
      <trkpt lat="44.970599" lon="6.072090">
        <ele>1686.921206</ele>
        <time>2026-01-24T22:12:32.133Z</time>
      </trkpt>
      <trkpt lat="44.970677" lon="6.072115">
        <ele>1684.833987</ele>
        <time>2026-01-24T22:12:37.604Z</time>
      </trkpt>
      <trkpt lat="44.970737" lon="6.072174">
        <ele>1682.926554</ele>
        <time>2026-01-24T22:12:42.619Z</time>
      </trkpt>
      <trkpt lat="44.970826" lon="6.072130">
        <ele>1680.465980</ele>
        <time>2026-01-24T22:12:49.202Z</time>
      </trkpt>
      <trkpt lat="44.970900" lon="6.072179">
        <ele>1678.333426</ele>
        <time>2026-01-24T22:12:54.800Z</time>
      </trkpt>
      <trkpt lat="44.970984" lon="6.072168">
        <ele>1676.131914</ele>
        <time>2026-01-24T22:13:00.691Z</time>
      </trkpt>
      <trkpt lat="44.971186" lon="6.072223">
        <ele>1670.763468</ele>
        <time>2026-01-24T22:13:15.280Z</time>
      </trkpt>
      <trkpt lat="44.971244" lon="6.072207">
        <ele>1669.221303</ele>
        <time>2026-01-24T22:13:19.598Z</time>
      </trkpt>
      <trkpt lat="44.971251" lon="6.072162">
        <ele>1668.370647</ele>
        <time>2026-01-24T22:13:21.983Z</time>
      </trkpt>
      <trkpt lat="44.971139" lon="6.071950">
        <ele>1662.938272</ele>
        <time>2026-01-24T22:13:35.874Z</time>
      </trkpt>
      <trkpt lat="44.971078" lon="6.071861">
        <ele>1660.099894</ele>
        <time>2026-01-24T22:13:42.470Z</time>
      </trkpt>
      <trkpt lat="44.970807" lon="6.071696">
        <ele>1650.546410</ele>
        <time>2026-01-24T22:14:04.281Z</time>
      </trkpt>
      <trkpt lat="44.970793" lon="6.071571">
        <ele>1647.647561</ele>
        <time>2026-01-24T22:14:10.807Z</time>
      </trkpt>
      <trkpt lat="44.970915" lon="6.071615">
        <ele>1643.571040</ele>
        <time>2026-01-24T22:14:19.932Z</time>
      </trkpt>
      <trkpt lat="44.971015" lon="6.071577">
        <ele>1640.218400</ele>
        <time>2026-01-24T22:14:27.439Z</time>
      </trkpt>
      <trkpt lat="44.970825" lon="6.071085">
        <ele>1627.379250</ele>
        <time>2026-01-24T22:14:56.228Z</time>
      </trkpt>
      <trkpt lat="44.971423" lon="6.071365">
        <ele>1607.064859</ele>
        <time>2026-01-24T22:15:41.867Z</time>
      </trkpt>
      <trkpt lat="44.971195" lon="6.070741">
        <ele>1593.394802</ele>
        <time>2026-01-24T22:16:17.252Z</time>
      </trkpt>
      <trkpt lat="44.971160" lon="6.070574">
        <ele>1590.004603</ele>
        <time>2026-01-24T22:16:25.668Z</time>
      </trkpt>
      <trkpt lat="44.971060" lon="6.070302">
        <ele>1584.038055</ele>
        <time>2026-01-24T22:16:40.201Z</time>
      </trkpt>
      <trkpt lat="44.971378" lon="6.070500">
        <ele>1574.477686</ele>
        <time>2026-01-24T22:17:02.823Z</time>
      </trkpt>
      <trkpt lat="44.971587" lon="6.070591">
        <ele>1568.460837</ele>
        <time>2026-01-24T22:17:16.995Z</time>
      </trkpt>
      <trkpt lat="44.971816" lon="6.070798">
        <ele>1560.982210</ele>
        <time>2026-01-24T22:17:34.698Z</time>
      </trkpt>
      <trkpt lat="44.971981" lon="6.071085">
        <ele>1554.665800</ele>
        <time>2026-01-24T22:17:51.916Z</time>
      </trkpt>
      <trkpt lat="44.972084" lon="6.071061">
        <ele>1552.388780</ele>
        <time>2026-01-24T22:17:58.897Z</time>
      </trkpt>
      <trkpt lat="44.972162" lon="6.071007">
        <ele>1550.494293</ele>
        <time>2026-01-24T22:18:04.741Z</time>
      </trkpt>
      <trkpt lat="44.972218" lon="6.070819">
        <ele>1547.346531</ele>
        <time>2026-01-24T22:18:14.515Z</time>
      </trkpt>
      <trkpt lat="44.972294" lon="6.070778">
        <ele>1545.572144</ele>
        <time>2026-01-24T22:18:19.965Z</time>
      </trkpt>
      <trkpt lat="44.972341" lon="6.070631">
        <ele>1543.082834</ele>
        <time>2026-01-24T22:18:27.675Z</time>
      </trkpt>
      <trkpt lat="44.972446" lon="6.070526">
        <ele>1540.277321</ele>
        <time>2026-01-24T22:18:36.211Z</time>
      </trkpt>
      <trkpt lat="44.972458" lon="6.070476">
        <ele>1539.462568</ele>
        <time>2026-01-24T22:18:38.657Z</time>
      </trkpt>
      <trkpt lat="44.972573" lon="6.070390">
        <ele>1536.624702</ele>
        <time>2026-01-24T22:18:47.102Z</time>
      </trkpt>
      <trkpt lat="44.972623" lon="6.070235">
        <ele>1533.995944</ele>
        <time>2026-01-24T22:18:54.756Z</time>
      </trkpt>
      <trkpt lat="44.972625" lon="6.070157">
        <ele>1532.791519</ele>
        <time>2026-01-24T22:18:58.213Z</time>
      </trkpt>
      <trkpt lat="44.972685" lon="6.070010">
        <ele>1530.172659</ele>
        <time>2026-01-24T22:19:05.833Z</time>
      </trkpt>
      <trkpt lat="44.972676" lon="6.069891">
        <ele>1528.325883</ele>
        <time>2026-01-24T22:19:11.220Z</time>
      </trkpt>
      <trkpt lat="44.972718" lon="6.069843">
        <ele>1527.147780</ele>
        <time>2026-01-24T22:19:14.644Z</time>
      </trkpt>
      <trkpt lat="44.972700" lon="6.069779">
        <ele>1526.085000</ele>
        <time>2026-01-24T22:19:17.710Z</time>
      </trkpt>
      <trkpt lat="44.972742" lon="6.069750">
        <ele>1525.065415</ele>
        <time>2026-01-24T22:19:20.687Z</time>
      </trkpt>
      <trkpt lat="44.972764" lon="6.069496">
        <ele>1521.116629</ele>
        <time>2026-01-24T22:19:32.263Z</time>
      </trkpt>
      <trkpt lat="44.972812" lon="6.069342">
        <ele>1518.745764</ele>
        <time>2026-01-24T22:19:39.897Z</time>
      </trkpt>
      <trkpt lat="44.973047" lon="6.069551">
        <ele>1517.455720</ele>
        <time>2026-01-24T22:19:52.363Z</time>
      </trkpt>
      <trkpt lat="44.973267" lon="6.069661">
        <ele>1516.371449</ele>
        <time>2026-01-24T22:20:03.558Z</time>
      </trkpt>
      <trkpt lat="44.973346" lon="6.069668">
        <ele>1516.003663</ele>
        <time>2026-01-24T22:20:07.391Z</time>
      </trkpt>
      <trkpt lat="44.973463" lon="6.069701">
        <ele>1515.449319</ele>
        <time>2026-01-24T22:20:13.366Z</time>
      </trkpt>
      <trkpt lat="44.973624" lon="6.069846">
        <ele>1514.562317</ele>
        <time>2026-01-24T22:20:23.755Z</time>
      </trkpt>
      <trkpt lat="44.973786" lon="6.070129">
        <ele>1513.365698</ele>
        <time>2026-01-24T22:20:39.259Z</time>
      </trkpt>
      <trkpt lat="44.974027" lon="6.070408">
        <ele>1511.918311</ele>
        <time>2026-01-24T22:20:57.901Z</time>
      </trkpt>
      <trkpt lat="44.974165" lon="6.070501">
        <ele>1511.207968</ele>
        <time>2026-01-24T22:21:06.606Z</time>
      </trkpt>
      <trkpt lat="44.974201" lon="6.070557">
        <ele>1510.959248</ele>
        <time>2026-01-24T22:21:09.558Z</time>
      </trkpt>
      <trkpt lat="44.974294" lon="6.070592">
        <ele>1510.512081</ele>
        <time>2026-01-24T22:21:15.008Z</time>
      </trkpt>
      <trkpt lat="44.974201" lon="6.070557">
        <ele>1510.457109</ele>
        <time>2026-01-24T22:21:20.339Z</time>
      </trkpt>
      <trkpt lat="44.974165" lon="6.070501">
        <ele>1510.461888</ele>
        <time>2026-01-24T22:21:23.354Z</time>
      </trkpt>
      <trkpt lat="44.974027" lon="6.070408">
        <ele>1510.475538</ele>
        <time>2026-01-24T22:21:31.893Z</time>
      </trkpt>
      <trkpt lat="44.973786" lon="6.070129">
        <ele>1510.503349</ele>
        <time>2026-01-24T22:21:49.210Z</time>
      </trkpt>
      <trkpt lat="44.973843" lon="6.070020">
        <ele>1510.511911</ele>
        <time>2026-01-24T22:21:54.521Z</time>
      </trkpt>
      <trkpt lat="44.973910" lon="6.069749">
        <ele>1510.530042</ele>
        <time>2026-01-24T22:22:06.001Z</time>
      </trkpt>
      <trkpt lat="44.973908" lon="6.069522">
        <ele>1510.544381</ele>
        <time>2026-01-24T22:22:15.405Z</time>
      </trkpt>
      <trkpt lat="44.973826" lon="6.069407">
        <ele>1510.554694</ele>
        <time>2026-01-24T22:22:22.534Z</time>
      </trkpt>
      <trkpt lat="44.973835" lon="6.069216">
        <ele>1510.566784</ele>
        <time>2026-01-24T22:22:30.663Z</time>
      </trkpt>
      <trkpt lat="44.973817" lon="6.069081">
        <ele>1510.575461</ele>
        <time>2026-01-24T22:22:36.322Z</time>
      </trkpt>
      <trkpt lat="44.973724" lon="6.068833">
        <ele>1510.593190</ele>
        <time>2026-01-24T22:22:47.575Z</time>
      </trkpt>
      <trkpt lat="44.973771" lon="6.068735">
        <ele>1510.600668</ele>
        <time>2026-01-24T22:22:52.376Z</time>
      </trkpt>
      <trkpt lat="44.973815" lon="6.068374">
        <ele>1511.034545</ele>
        <time>2026-01-24T22:23:07.195Z</time>
      </trkpt>
      <trkpt lat="44.973929" lon="6.068055">
        <ele>1511.743724</ele>
        <time>2026-01-24T22:23:22.064Z</time>
      </trkpt>
      <trkpt lat="44.973931" lon="6.067996">
        <ele>1511.860932</ele>
        <time>2026-01-24T22:23:24.518Z</time>
      </trkpt>
      <trkpt lat="44.973892" lon="6.067864">
        <ele>1512.144788</ele>
        <time>2026-01-24T22:23:30.637Z</time>
      </trkpt>
      <trkpt lat="44.973844" lon="6.067514">
        <ele>1512.852228</ele>
        <time>2026-01-24T22:23:46.113Z</time>
      </trkpt>
      <trkpt lat="44.973781" lon="6.067297">
        <ele>1513.317675</ele>
        <time>2026-01-24T22:23:56.397Z</time>
      </trkpt>
      <trkpt lat="44.973816" lon="6.066843">
        <ele>1514.223888</ele>
        <time>2026-01-24T22:24:16.811Z</time>
      </trkpt>
      <trkpt lat="44.973952" lon="6.066574">
        <ele>1514.879971</ele>
        <time>2026-01-24T22:24:32.220Z</time>
      </trkpt>
      <trkpt lat="44.973958" lon="6.066522">
        <ele>1514.984519</ele>
        <time>2026-01-24T22:24:34.727Z</time>
      </trkpt>
      <trkpt lat="44.973909" lon="6.066368">
        <ele>1515.319589</ele>
        <time>2026-01-24T22:24:42.963Z</time>
      </trkpt>
      <trkpt lat="44.973941" lon="6.066229">
        <ele>1515.609646</ele>
        <time>2026-01-24T22:24:50.407Z</time>
      </trkpt>
      <trkpt lat="44.973922" lon="6.066122">
        <ele>1516.122846</ele>
        <time>2026-01-24T22:24:56.202Z</time>
      </trkpt>
      <trkpt lat="44.973974" lon="6.066035">
        <ele>1516.733035</ele>
        <time>2026-01-24T22:25:02.370Z</time>
      </trkpt>
      <trkpt lat="44.973971" lon="6.065961">
        <ele>1517.130138</ele>
        <time>2026-01-24T22:25:06.434Z</time>
      </trkpt>
      <trkpt lat="44.974019" lon="6.065860">
        <ele>1517.782007</ele>
        <time>2026-01-24T22:25:13.341Z</time>
      </trkpt>
      <trkpt lat="44.974029" lon="6.065715">
        <ele>1518.562522</ele>
        <time>2026-01-24T22:25:21.753Z</time>
      </trkpt>
      <trkpt lat="44.974071" lon="6.065688">
        <ele>1518.911941</ele>
        <time>2026-01-24T22:25:25.648Z</time>
      </trkpt>
      <trkpt lat="44.974105" lon="6.065605">
        <ele>1519.425780</ele>
        <time>2026-01-24T22:25:31.499Z</time>
      </trkpt>
      <trkpt lat="44.974142" lon="6.065332">
        <ele>1520.914964</ele>
        <time>2026-01-24T22:25:49.010Z</time>
      </trkpt>
      <trkpt lat="44.974128" lon="6.065247">
        <ele>1521.382526</ele>
        <time>2026-01-24T22:25:54.629Z</time>
      </trkpt>
      <trkpt lat="44.974145" lon="6.065189">
        <ele>1521.718873</ele>
        <time>2026-01-24T22:25:58.656Z</time>
      </trkpt>
      <trkpt lat="44.974186" lon="6.065181">
        <ele>1522.032317</ele>
        <time>2026-01-24T22:26:02.486Z</time>
      </trkpt>
      <trkpt lat="44.974221" lon="6.065120">
        <ele>1522.453100</ele>
        <time>2026-01-24T22:26:07.588Z</time>
      </trkpt>
      <trkpt lat="44.974227" lon="6.065032">
        <ele>1522.926739</ele>
        <time>2026-01-24T22:26:13.430Z</time>
      </trkpt>
      <trkpt lat="44.974345" lon="6.064885">
        <ele>1524.117875</ele>
        <time>2026-01-24T22:26:27.969Z</time>
      </trkpt>
      <trkpt lat="44.974405" lon="6.064632">
        <ele>1525.547440</ele>
        <time>2026-01-24T22:26:45.168Z</time>
      </trkpt>
      <trkpt lat="44.974662" lon="6.064588">
        <ele>1527.507965</ele>
        <time>2026-01-24T22:27:07.210Z</time>
      </trkpt>
      <trkpt lat="44.974721" lon="6.064550">
        <ele>1527.998975</ele>
        <time>2026-01-24T22:27:12.494Z</time>
      </trkpt>
      <trkpt lat="44.974723" lon="6.064483">
        <ele>1528.358239</ele>
        <time>2026-01-24T22:27:16.184Z</time>
      </trkpt>
      <trkpt lat="44.974820" lon="6.064354">
        <ele>1529.209477</ele>
        <time>2026-01-24T22:27:26.143Z</time>
      </trkpt>
      <trkpt lat="44.974871" lon="6.064193">
        <ele>1528.501962</ele>
        <time>2026-01-24T22:27:34.831Z</time>
      </trkpt>
      <trkpt lat="44.974920" lon="6.064180">
        <ele>1528.219302</ele>
        <time>2026-01-24T22:27:38.091Z</time>
      </trkpt>
      <trkpt lat="44.974958" lon="6.064214">
        <ele>1527.964328</ele>
        <time>2026-01-24T22:27:41.015Z</time>
      </trkpt>
      <trkpt lat="44.975032" lon="6.064177">
        <ele>1527.519307</ele>
        <time>2026-01-24T22:27:45.968Z</time>
      </trkpt>
      <trkpt lat="44.975094" lon="6.064032">
        <ele>1526.839769</ele>
        <time>2026-01-24T22:27:53.086Z</time>
      </trkpt>
      <trkpt lat="44.975046" lon="6.063911">
        <ele>1526.283373</ele>
        <time>2026-01-24T22:27:58.587Z</time>
      </trkpt>
      <trkpt lat="44.975093" lon="6.063815">
        <ele>1525.815125</ele>
        <time>2026-01-24T22:28:03.112Z</time>
      </trkpt>
      <trkpt lat="44.975195" lon="6.063815">
        <ele>1525.236828</ele>
        <time>2026-01-24T22:28:08.476Z</time>
      </trkpt>
      <trkpt lat="44.975224" lon="6.063872">
        <ele>1524.955231</ele>
        <time>2026-01-24T22:28:11.021Z</time>
      </trkpt>
      <trkpt lat="44.975268" lon="6.063867">
        <ele>1524.704965</ele>
        <time>2026-01-24T22:28:13.269Z</time>
      </trkpt>
      <trkpt lat="44.975526" lon="6.063740">
        <ele>1523.156063</ele>
        <time>2026-01-24T22:28:26.496Z</time>
      </trkpt>
      <trkpt lat="44.975629" lon="6.063748">
        <ele>1522.571215</ele>
        <time>2026-01-24T22:28:31.292Z</time>
      </trkpt>
      <trkpt lat="44.975868" lon="6.063898">
        <ele>1521.088638</ele>
        <time>2026-01-24T22:28:43.014Z</time>
      </trkpt>
      <trkpt lat="44.975938" lon="6.063953">
        <ele>1520.634583</ele>
        <time>2026-01-24T22:28:46.595Z</time>
      </trkpt>
      <trkpt lat="44.976203" lon="6.064288">
        <ele>1517.425965</ele>
        <time>2026-01-24T22:29:02.432Z</time>
      </trkpt>
      <trkpt lat="44.976280" lon="6.064347">
        <ele>1515.642280</ele>
        <time>2026-01-24T22:29:06.327Z</time>
      </trkpt>
      <trkpt lat="44.976384" lon="6.064379">
        <ele>1513.474683</ele>
        <time>2026-01-24T22:29:11.046Z</time>
      </trkpt>
      <trkpt lat="44.976398" lon="6.064425">
        <ele>1512.753254</ele>
        <time>2026-01-24T22:29:12.629Z</time>
      </trkpt>
      <trkpt lat="44.976287" lon="6.064522">
        <ele>1510.095632</ele>
        <time>2026-01-24T22:29:18.384Z</time>
      </trkpt>
      <trkpt lat="44.976302" lon="6.064563">
        <ele>1509.430646</ele>
        <time>2026-01-24T22:29:19.811Z</time>
      </trkpt>
      <trkpt lat="44.976573" lon="6.064780">
        <ele>1503.087707</ele>
        <time>2026-01-24T22:29:33.564Z</time>
      </trkpt>
      <trkpt lat="44.976616" lon="6.064867">
        <ele>1501.558726</ele>
        <time>2026-01-24T22:29:36.851Z</time>
      </trkpt>
      <trkpt lat="44.976744" lon="6.064861">
        <ele>1498.950518</ele>
        <time>2026-01-24T22:29:42.451Z</time>
      </trkpt>
      <trkpt lat="44.976844" lon="6.065069">
        <ele>1495.327442</ele>
        <time>2026-01-24T22:29:50.271Z</time>
      </trkpt>
      <trkpt lat="44.976894" lon="6.065094">
        <ele>1494.247353</ele>
        <time>2026-01-24T22:29:52.579Z</time>
      </trkpt>
      <trkpt lat="44.976992" lon="6.065252">
        <ele>1491.220084</ele>
        <time>2026-01-24T22:29:59.177Z</time>
      </trkpt>
      <trkpt lat="44.977115" lon="6.065598">
        <ele>1485.641480</ele>
        <time>2026-01-24T22:30:11.383Z</time>
      </trkpt>
      <trkpt lat="44.977137" lon="6.065755">
        <ele>1483.335743</ele>
        <time>2026-01-24T22:30:16.486Z</time>
      </trkpt>
      <trkpt lat="44.977340" lon="6.065847">
        <ele>1478.121918</ele>
        <time>2026-01-24T22:30:26.153Z</time>
      </trkpt>
      <trkpt lat="44.977711" lon="6.066175">
        <ele>1466.960175</ele>
        <time>2026-01-24T22:30:45.935Z</time>
      </trkpt>
      <trkpt lat="44.977649" lon="6.066375">
        <ele>1463.020075</ele>
        <time>2026-01-24T22:30:52.900Z</time>
      </trkpt>
      <trkpt lat="44.977554" lon="6.066549">
        <ele>1459.054031</ele>
        <time>2026-01-24T22:30:59.950Z</time>
      </trkpt>
      <trkpt lat="44.977570" lon="6.066594">
        <ele>1458.145255</ele>
        <time>2026-01-24T22:31:01.554Z</time>
      </trkpt>
      <trkpt lat="44.977706" lon="6.066600">
        <ele>1454.674483</ele>
        <time>2026-01-24T22:31:07.697Z</time>
      </trkpt>
      <trkpt lat="44.977711" lon="6.066706">
        <ele>1452.757586</ele>
        <time>2026-01-24T22:31:11.106Z</time>
      </trkpt>
      <trkpt lat="44.977751" lon="6.066708">
        <ele>1451.736629</ele>
        <time>2026-01-24T22:31:12.946Z</time>
      </trkpt>
      <trkpt lat="44.977666" lon="6.066959">
        <ele>1446.715381</ele>
        <time>2026-01-24T22:31:21.931Z</time>
      </trkpt>
      <trkpt lat="44.977708" lon="6.066980">
        <ele>1445.579010</ele>
        <time>2026-01-24T22:31:23.965Z</time>
      </trkpt>
      <trkpt lat="44.977873" lon="6.066838">
        <ele>1440.651626</ele>
        <time>2026-01-24T22:31:32.955Z</time>
      </trkpt>
      <trkpt lat="44.977896" lon="6.066844">
        <ele>1440.055037</ele>
        <time>2026-01-24T22:31:34.050Z</time>
      </trkpt>
      <trkpt lat="44.977812" lon="6.067023">
        <ele>1436.119613</ele>
        <time>2026-01-24T22:31:41.227Z</time>
      </trkpt>
      <trkpt lat="44.977814" lon="6.067068">
        <ele>1435.182051</ele>
        <time>2026-01-24T22:31:42.768Z</time>
      </trkpt>
      <trkpt lat="44.977854" lon="6.067025">
        <ele>1433.704889</ele>
        <time>2026-01-24T22:31:45.189Z</time>
      </trkpt>
      <trkpt lat="44.977870" lon="6.067047">
        <ele>1433.048782</ele>
        <time>2026-01-24T22:31:46.254Z</time>
      </trkpt>
      <trkpt lat="44.977792" lon="6.067204">
        <ele>1429.059446</ele>
        <time>2026-01-24T22:31:52.776Z</time>
      </trkpt>
      <trkpt lat="44.977819" lon="6.067239">
        <ele>1427.982607</ele>
        <time>2026-01-24T22:31:54.546Z</time>
      </trkpt>
      <trkpt lat="44.977900" lon="6.067141">
        <ele>1424.848626</ele>
        <time>2026-01-24T22:31:59.671Z</time>
      </trkpt>
      <trkpt lat="44.977928" lon="6.067170">
        <ele>1423.828296</ele>
        <time>2026-01-24T22:32:01.338Z</time>
      </trkpt>
      <trkpt lat="44.977906" lon="6.067293">
        <ele>1421.190182</ele>
        <time>2026-01-24T22:32:05.725Z</time>
      </trkpt>
      <trkpt lat="44.978100" lon="6.067220">
        <ele>1415.288917</ele>
        <time>2026-01-24T22:32:15.595Z</time>
      </trkpt>
      <trkpt lat="44.978096" lon="6.067337">
        <ele>1412.853225</ele>
        <time>2026-01-24T22:32:19.690Z</time>
      </trkpt>
      <trkpt lat="44.978273" lon="6.067238">
        <ele>1407.257809</ele>
        <time>2026-01-24T22:32:29.071Z</time>
      </trkpt>
      <trkpt lat="44.978263" lon="6.067452">
        <ele>1402.798292</ele>
        <time>2026-01-24T22:32:36.520Z</time>
      </trkpt>
      <trkpt lat="44.978478" lon="6.067413">
        <ele>1396.426473</ele>
        <time>2026-01-24T22:32:47.072Z</time>
      </trkpt>
      <trkpt lat="44.978405" lon="6.067593">
        <ele>1392.112139</ele>
        <time>2026-01-24T22:32:54.197Z</time>
      </trkpt>
      <trkpt lat="44.978447" lon="6.067632">
        <ele>1390.635019</ele>
        <time>2026-01-24T22:32:56.659Z</time>
      </trkpt>
      <trkpt lat="44.978344" lon="6.067984">
        <ele>1382.781199</ele>
        <time>2026-01-24T22:33:09.626Z</time>
      </trkpt>
      <trkpt lat="44.978362" lon="6.068050">
        <ele>1381.410568</ele>
        <time>2026-01-24T22:33:11.997Z</time>
      </trkpt>
      <trkpt lat="44.978265" lon="6.068209">
        <ele>1377.342132</ele>
        <time>2026-01-24T22:33:19.004Z</time>
      </trkpt>
      <trkpt lat="44.978258" lon="6.068351">
        <ele>1374.583943</ele>
        <time>2026-01-24T22:33:23.723Z</time>
      </trkpt>
      <trkpt lat="44.978629" lon="6.068167">
        <ele>1363.814008</ele>
        <time>2026-01-24T22:33:41.974Z</time>
      </trkpt>
      <trkpt lat="44.978656" lon="6.068093">
        <ele>1362.200621</ele>
        <time>2026-01-24T22:33:44.694Z</time>
      </trkpt>
      <trkpt lat="44.978728" lon="6.068017">
        <ele>1359.739220</ele>
        <time>2026-01-24T22:33:48.805Z</time>
      </trkpt>
      <trkpt lat="44.978701" lon="6.068169">
        <ele>1356.702516</ele>
        <time>2026-01-24T22:33:53.907Z</time>
      </trkpt>
      <trkpt lat="44.978756" lon="6.068148">
        <ele>1355.141937</ele>
        <time>2026-01-24T22:33:56.543Z</time>
      </trkpt>
      <trkpt lat="44.979026" lon="6.067791">
        <ele>1345.015122</ele>
        <time>2026-01-24T22:34:13.709Z</time>
      </trkpt>
      <trkpt lat="44.979152" lon="6.067858">
        <ele>1341.327565</ele>
        <time>2026-01-24T22:34:19.989Z</time>
      </trkpt>
      <trkpt lat="44.979229" lon="6.067788">
        <ele>1338.819862</ele>
        <time>2026-01-24T22:34:24.303Z</time>
      </trkpt>
      <trkpt lat="44.979410" lon="6.068120">
        <ele>1330.797354</ele>
        <time>2026-01-24T22:34:38.257Z</time>
      </trkpt>
      <trkpt lat="44.979415" lon="6.068188">
        <ele>1329.507967</ele>
        <time>2026-01-24T22:34:40.545Z</time>
      </trkpt>
      <trkpt lat="44.979484" lon="6.068247">
        <ele>1327.357920</ele>
        <time>2026-01-24T22:34:44.373Z</time>
      </trkpt>
      <trkpt lat="44.979487" lon="6.068325">
        <ele>1325.884672</ele>
        <time>2026-01-24T22:34:47.005Z</time>
      </trkpt>
      <trkpt lat="44.979462" lon="6.068360">
        <ele>1324.946572</ele>
        <time>2026-01-24T22:34:48.651Z</time>
      </trkpt>
      <trkpt lat="44.979376" lon="6.068389">
        <ele>1322.589276</ele>
        <time>2026-01-24T22:34:52.892Z</time>
      </trkpt>
      <trkpt lat="44.979323" lon="6.068500">
        <ele>1320.063521</ele>
        <time>2026-01-24T22:34:57.405Z</time>
      </trkpt>
      <trkpt lat="44.979332" lon="6.068566">
        <ele>1318.795843</ele>
        <time>2026-01-24T22:34:59.668Z</time>
      </trkpt>
      <trkpt lat="44.979305" lon="6.068669">
        <ele>1316.724166</ele>
        <time>2026-01-24T22:35:03.400Z</time>
      </trkpt>
      <trkpt lat="44.979325" lon="6.068816">
        <ele>1313.900932</ele>
        <time>2026-01-24T22:35:08.446Z</time>
      </trkpt>
      <trkpt lat="44.979322" lon="6.069117">
        <ele>1308.223514</ele>
        <time>2026-01-24T22:35:18.531Z</time>
      </trkpt>
      <trkpt lat="44.979360" lon="6.069319">
        <ele>1304.281376</ele>
        <time>2026-01-24T22:35:25.426Z</time>
      </trkpt>
      <trkpt lat="44.979272" lon="6.069524">
        <ele>1299.758839</ele>
        <time>2026-01-24T22:35:33.305Z</time>
      </trkpt>
      <trkpt lat="44.979225" lon="6.069820">
        <ele>1294.037358</ele>
        <time>2026-01-24T22:35:43.127Z</time>
      </trkpt>
      <trkpt lat="44.979256" lon="6.069903">
        <ele>1292.267167</ele>
        <time>2026-01-24T22:35:46.147Z</time>
      </trkpt>
      <trkpt lat="44.979178" lon="6.070129">
        <ele>1287.524513</ele>
        <time>2026-01-24T22:35:54.128Z</time>
      </trkpt>
      <trkpt lat="44.979439" lon="6.070307">
        <ele>1280.677494</ele>
        <time>2026-01-24T22:36:06.921Z</time>
      </trkpt>
      <trkpt lat="44.979455" lon="6.070454">
        <ele>1278.242040</ele>
        <time>2026-01-24T22:36:11.543Z</time>
      </trkpt>
      <trkpt lat="44.979575" lon="6.070470">
        <ele>1275.451780</ele>
        <time>2026-01-24T22:36:16.850Z</time>
      </trkpt>
      <trkpt lat="44.979644" lon="6.070430">
        <ele>1273.725390</ele>
        <time>2026-01-24T22:36:20.134Z</time>
      </trkpt>
      <trkpt lat="44.979777" lon="6.069876">
        <ele>1264.145449</ele>
        <time>2026-01-24T22:36:38.359Z</time>
      </trkpt>
      <trkpt lat="44.979822" lon="6.069811">
        <ele>1262.656131</ele>
        <time>2026-01-24T22:36:41.218Z</time>
      </trkpt>
      <trkpt lat="44.979960" lon="6.069799">
        <ele>1259.455472</ele>
        <time>2026-01-24T22:36:47.254Z</time>
      </trkpt>
      <trkpt lat="44.980185" lon="6.069888">
        <ele>1254.046808</ele>
        <time>2026-01-24T22:36:57.524Z</time>
      </trkpt>
      <trkpt lat="44.980057" lon="6.070074">
        <ele>1249.797515</ele>
        <time>2026-01-24T22:37:05.625Z</time>
      </trkpt>
      <trkpt lat="44.980031" lon="6.070224">
        <ele>1247.268623</ele>
        <time>2026-01-24T22:37:10.442Z</time>
      </trkpt>
      <trkpt lat="44.980174" lon="6.070255">
        <ele>1243.733244</ele>
        <time>2026-01-24T22:37:16.857Z</time>
      </trkpt>
      <trkpt lat="44.980334" lon="6.070419">
        <ele>1238.226372</ele>
        <time>2026-01-24T22:37:25.650Z</time>
      </trkpt>
      <trkpt lat="44.980432" lon="6.070421">
        <ele>1235.495350</ele>
        <time>2026-01-24T22:37:30.076Z</time>
      </trkpt>
      <trkpt lat="44.980554" lon="6.070198">
        <ele>1229.938779</ele>
        <time>2026-01-24T22:37:39.356Z</time>
      </trkpt>
      <trkpt lat="44.980569" lon="6.070370">
        <ele>1226.522993</ele>
        <time>2026-01-24T22:37:45.187Z</time>
      </trkpt>
      <trkpt lat="44.980667" lon="6.070411">
        <ele>1223.675192</ele>
        <time>2026-01-24T22:37:50.112Z</time>
      </trkpt>
      <trkpt lat="44.980700" lon="6.070616">
        <ele>1219.531342</ele>
        <time>2026-01-24T22:37:57.336Z</time>
      </trkpt>
      <trkpt lat="44.980676" lon="6.070705">
        <ele>1217.654006</ele>
        <time>2026-01-24T22:38:00.618Z</time>
      </trkpt>
      <trkpt lat="44.980692" lon="6.071168">
        <ele>1208.517418</ele>
        <time>2026-01-24T22:38:16.559Z</time>
      </trkpt>
      <trkpt lat="44.980753" lon="6.071248">
        <ele>1206.198925</ele>
        <time>2026-01-24T22:38:20.572Z</time>
      </trkpt>
      <trkpt lat="44.980791" lon="6.071265">
        <ele>1205.088316</ele>
        <time>2026-01-24T22:38:22.493Z</time>
      </trkpt>
      <trkpt lat="44.980900" lon="6.071310">
        <ele>1201.924212</ele>
        <time>2026-01-24T22:38:27.964Z</time>
      </trkpt>
      <trkpt lat="44.980873" lon="6.071457">
        <ele>1198.930774</ele>
        <time>2026-01-24T22:38:33.147Z</time>
      </trkpt>
      <trkpt lat="44.980940" lon="6.071518">
        <ele>1196.710196</ele>
        <time>2026-01-24T22:38:36.979Z</time>
      </trkpt>
      <trkpt lat="44.980962" lon="6.071692">
        <ele>1193.142738</ele>
        <time>2026-01-24T22:38:42.971Z</time>
      </trkpt>
      <trkpt lat="44.981030" lon="6.071768">
        <ele>1190.591792</ele>
        <time>2026-01-24T22:38:47.151Z</time>
      </trkpt>
      <trkpt lat="44.981324" lon="6.071808">
        <ele>1181.899839</ele>
        <time>2026-01-24T22:39:01.492Z</time>
      </trkpt>
      <trkpt lat="44.981467" lon="6.072129">
        <ele>1174.003180</ele>
        <time>2026-01-24T22:39:14.650Z</time>
      </trkpt>
      <trkpt lat="44.981568" lon="6.072170">
        <ele>1170.910800</ele>
        <time>2026-01-24T22:39:19.768Z</time>
      </trkpt>
      <trkpt lat="44.981794" lon="6.072190">
        <ele>1164.246940</ele>
        <time>2026-01-24T22:39:30.730Z</time>
      </trkpt>
      <trkpt lat="44.982174" lon="6.072375">
        <ele>1152.419637</ele>
        <time>2026-01-24T22:39:50.022Z</time>
      </trkpt>
      <trkpt lat="44.982696" lon="6.072347">
        <ele>1137.643718</ele>
        <time>2026-01-24T22:40:14.967Z</time>
      </trkpt>
      <trkpt lat="44.982991" lon="6.072576">
        <ele>1128.987455</ele>
        <time>2026-01-24T22:40:31.024Z</time>
      </trkpt>
      <trkpt lat="44.983261" lon="6.072486">
        <ele>1121.852342</ele>
        <time>2026-01-24T22:40:44.058Z</time>
      </trkpt>
      <trkpt lat="44.983419" lon="6.072480">
        <ele>1117.786939</ele>
        <time>2026-01-24T22:40:51.377Z</time>
      </trkpt>
      <trkpt lat="44.983768" lon="6.072790">
        <ele>1107.185640</ele>
        <time>2026-01-24T22:41:10.065Z</time>
      </trkpt>
      <trkpt lat="44.983933" lon="6.072666">
        <ele>1102.379345</ele>
        <time>2026-01-24T22:41:18.358Z</time>
      </trkpt>
      <trkpt lat="44.984047" lon="6.072695">
        <ele>1099.400052</ele>
        <time>2026-01-24T22:41:23.459Z</time>
      </trkpt>
      <trkpt lat="44.984148" lon="6.072872">
        <ele>1095.313336</ele>
        <time>2026-01-24T22:41:30.514Z</time>
      </trkpt>
      <trkpt lat="44.984193" lon="6.073017">
        <ele>1092.997050</ele>
        <time>2026-01-24T22:41:35.443Z</time>
      </trkpt>
      <trkpt lat="44.984325" lon="6.073216">
        <ele>1089.006213</ele>
        <time>2026-01-24T22:41:43.912Z</time>
      </trkpt>
      <trkpt lat="44.984679" lon="6.073540">
        <ele>1080.284705</ele>
        <time>2026-01-24T22:42:02.455Z</time>
      </trkpt>
      <trkpt lat="44.984860" lon="6.073665">
        <ele>1076.118607</ele>
        <time>2026-01-24T22:42:11.319Z</time>
      </trkpt>
      <trkpt lat="44.984857" lon="6.073706">
        <ele>1075.515657</ele>
        <time>2026-01-24T22:42:12.604Z</time>
      </trkpt>
      <trkpt lat="44.984950" lon="6.073878">
        <ele>1072.348669</ele>
        <time>2026-01-24T22:42:19.341Z</time>
      </trkpt>
      <trkpt lat="44.984991" lon="6.073908">
        <ele>1071.393892</ele>
        <time>2026-01-24T22:42:21.342Z</time>
      </trkpt>
      <trkpt lat="44.985141" lon="6.073964">
        <ele>1068.185307</ele>
        <time>2026-01-24T22:42:28.187Z</time>
      </trkpt>
      <trkpt lat="44.985245" lon="6.073951">
        <ele>1066.026021</ele>
        <time>2026-01-24T22:42:32.784Z</time>
      </trkpt>
      <trkpt lat="44.985394" lon="6.074056">
        <ele>1062.582887</ele>
        <time>2026-01-24T22:42:40.109Z</time>
      </trkpt>
      <trkpt lat="44.985455" lon="6.074035">
        <ele>1061.284444</ele>
        <time>2026-01-24T22:42:42.872Z</time>
      </trkpt>
      <trkpt lat="44.985599" lon="6.074169">
        <ele>1057.805092</ele>
        <time>2026-01-24T22:42:50.457Z</time>
      </trkpt>
      <trkpt lat="44.986164" lon="6.074163">
        <ele>1047.785575</ele>
        <time>2026-01-24T22:43:15.391Z</time>
      </trkpt>
      <trkpt lat="44.986187" lon="6.074183">
        <ele>1047.306749</ele>
        <time>2026-01-24T22:43:16.593Z</time>
      </trkpt>
      <trkpt lat="44.986198" lon="6.074213">
        <ele>1046.882923</ele>
        <time>2026-01-24T22:43:17.635Z</time>
      </trkpt>
      <trkpt lat="44.986088" lon="6.074433">
        <ele>1043.503759</ele>
        <time>2026-01-24T22:43:26.054Z</time>
      </trkpt>
      <trkpt lat="44.986064" lon="6.074629">
        <ele>1041.008902</ele>
        <time>2026-01-24T22:43:32.280Z</time>
      </trkpt>
      <trkpt lat="44.985942" lon="6.075060">
        <ele>1035.186324</ele>
        <time>2026-01-24T22:43:46.831Z</time>
      </trkpt>
      <trkpt lat="44.986117" lon="6.075159">
        <ele>1031.843828</ele>
        <time>2026-01-24T22:43:55.179Z</time>
      </trkpt>
      <trkpt lat="44.986270" lon="6.075106">
        <ele>1029.050410</ele>
        <time>2026-01-24T22:44:02.162Z</time>
      </trkpt>
      <trkpt lat="44.986432" lon="6.075215">
        <ele>1026.041695</ele>
        <time>2026-01-24T22:44:10.123Z</time>
      </trkpt>
      <trkpt lat="44.986610" lon="6.075130">
        <ele>1023.742212</ele>
        <time>2026-01-24T22:44:18.471Z</time>
      </trkpt>
      <trkpt lat="44.986637" lon="6.075184">
        <ele>1023.169751</ele>
        <time>2026-01-24T22:44:20.554Z</time>
      </trkpt>
      <trkpt lat="44.986612" lon="6.075350">
        <ele>1021.700564</ele>
        <time>2026-01-24T22:44:25.880Z</time>
      </trkpt>
      <trkpt lat="44.986619" lon="6.075453">
        <ele>1020.804842</ele>
        <time>2026-01-24T22:44:29.141Z</time>
      </trkpt>
      <trkpt lat="44.986626" lon="6.075531">
        <ele>1020.124224</ele>
        <time>2026-01-24T22:44:31.622Z</time>
      </trkpt>
      <trkpt lat="44.986638" lon="6.075580">
        <ele>1019.675350</ele>
        <time>2026-01-24T22:44:33.228Z</time>
      </trkpt>
      <trkpt lat="44.987012" lon="6.075598">
        <ele>1015.095230</ele>
        <time>2026-01-24T22:44:49.957Z</time>
      </trkpt>
      <trkpt lat="44.987148" lon="6.075646">
        <ele>1013.379619</ele>
        <time>2026-01-24T22:44:56.233Z</time>
      </trkpt>
      <trkpt lat="44.987412" lon="6.076157">
        <ele>1007.901771</ele>
        <time>2026-01-24T22:45:16.536Z</time>
      </trkpt>
      <trkpt lat="44.987680" lon="6.076319">
        <ele>1004.412570</ele>
        <time>2026-01-24T22:45:30.104Z</time>
      </trkpt>
      <trkpt lat="44.987800" lon="6.076626">
        <ele>1004.412570</ele>
        <time>2026-01-24T22:45:42.246Z</time>
      </trkpt>
      <trkpt lat="44.987876" lon="6.076701">
        <ele>1004.412570</ele>
        <time>2026-01-24T22:45:46.946Z</time>
      </trkpt>
      <trkpt lat="44.988100" lon="6.076765">
        <ele>1004.412570</ele>
        <time>2026-01-24T22:45:58.612Z</time>
      </trkpt>
      <trkpt lat="44.988198" lon="6.076827">
        <ele>1004.412570</ele>
        <time>2026-01-24T22:46:04.087Z</time>
      </trkpt>
      <trkpt lat="44.988296" lon="6.076971">
        <ele>1004.412570</ele>
        <time>2026-01-24T22:46:11.350Z</time>
      </trkpt>
      <trkpt lat="44.988387" lon="6.077338">
        <ele>1004.412570</ele>
        <time>2026-01-24T22:46:25.350Z</time>
      </trkpt>
      <trkpt lat="44.988454" lon="6.077542">
        <ele>1004.412570</ele>
        <time>2026-01-24T22:46:31.131Z</time>
      </trkpt>
      <trkpt lat="44.988477" lon="6.077751">
        <ele>1004.412570</ele>
        <time>2026-01-24T22:46:36.576Z</time>
      </trkpt>
      <trkpt lat="44.988517" lon="6.077880">
        <ele>1004.412570</ele>
        <time>2026-01-24T22:46:40.193Z</time>
      </trkpt>
      <trkpt lat="44.988564" lon="6.078311">
        <ele>1004.412570</ele>
        <time>2026-01-24T22:46:51.579Z</time>
      </trkpt>
      <trkpt lat="44.988675" lon="6.078502">
        <ele>1004.412570</ele>
        <time>2026-01-24T22:46:58.162Z</time>
      </trkpt>
      <trkpt lat="44.988779" lon="6.078779">
        <ele>1004.412570</ele>
        <time>2026-01-24T22:47:06.546Z</time>
      </trkpt>
      <trkpt lat="44.988853" lon="6.078979">
        <ele>1004.412570</ele>
        <time>2026-01-24T22:47:12.587Z</time>
      </trkpt>
      <trkpt lat="44.988854" lon="6.079068">
        <ele>1004.412570</ele>
        <time>2026-01-24T22:47:14.960Z</time>
      </trkpt>
      <trkpt lat="44.988810" lon="6.079101">
        <ele>1004.412570</ele>
        <time>2026-01-24T22:47:16.827Z</time>
      </trkpt>
      <trkpt lat="44.988790" lon="6.079036">
        <ele>1004.412570</ele>
        <time>2026-01-24T22:47:18.687Z</time>
      </trkpt>
    </trkseg>
  </trk>
</gpx>